:020000040800F2
:1000000000060020E1020008E3020008E302000805
:10001000E3020008E3020008E3020008E30200082C
:10002000E3020008E3020008E3020008F177000899
:10003000E3020008E3020008E3020008E30200080C
:10004000E3020008E3020008E3020008E3020008FC
:10005000E3020008E3020008FD8600082987000883
:100060005587000881870008AD870008A146000871
:10007000C9460008F5460008214700084D4700081A
:1000800075470008A1470008E3020008E3020008E2
:10009000E3020008E3020008E3020008D987000831
:1000A000E3020008E3020008E3020008E30200089C
:1000B000E3020008E3020008E3020008E30200088C
:1000C000E3020008E3020008E3020008E30200087C
:1000D000E3020008C5880008D9880008E302000888
:1000E0003D880008E3020008E3020008E30200087C
:1000F000E3020008E3020008E3020008CD4700081D
:10010000E3020008E302000815890008E302000882
:10011000E3020008ED880008E3020008E30200089B
:10012000F9470008214800084D48000879480008B0
:10013000A5480008E3020008E3020008E302000803
:10014000E3020008E3020008E3020008E3020008FB
:10015000CD480008F948000825490008E3020008D6
:10016000E3020008E3020008E3020008E3020008DB
:10017000E3020008DD830008E3020008E302000850
:10018000E3020008E302000801890008E302000816
:10019000E3020008E3020008E3020008E3020008AB
:1001A000E3020008E3020008E3020008E30200089B
:1001B000E3020008E3020008E3020008E30200088B
:1001C000E3020008E3020008E3020008E30200087B
:1001D000E3020008C9830008E3020008E302000804
:1001E000E3020008E3020008E3020008E30200085B
:1001F000E3020008E3020008E3020008E30200084B
:10020000E3020008E3020008E3020008E30200083A
:10021000E3020008E3020008E3020008E30200082A
:10022000E3020008E3020008E3020008E30200081A
:10023000B1880008E3020008E3020008E3020008B6
:10024000E3020008E3020008E3020008E3020008FA
:10025000E3020008E3020008E3020008E3020008EA
:10026000E3020008E3020008E3020008E3020008DA
:10027000E3020008E3020008E3020008E3020008CA
:10028000E3020008E3020008E3020008E3020008BA
:10029000E3020008E3020008E3020008E3020008AA
:1002A000E3020008E3020008E3020008E30200089A
:1002B000E3020008E3020008E3020008E30200088A
:1002C000E3020008E3020008E3020008E30200087A
:1002D000E3020008E3020008E3020008E30200086A
:1002E00002E000F000F8FEE772B6374880F30888B5
:1002F000364880F3098836483649086040F20000E5
:10030000CCF200004EF63471CEF200010860BFF36B
:100310004F8FBFF36F8F40F20000C0F2F0004EF637
:100320008851CEF200010860BFF34F8FBFF36F8F8B
:100330004FF00000E1EE100A4EF63C71CEF20001E3
:100340000860062080F31488BFF36F8F07F0B2FABD
:1003500006F030FC4FF055301F491B4A91423CBF1C
:1003600041F8040BFAE71D49184A91423CBF41F895
:10037000040BFAE71A491B4A1B4B9A423EBF51F83D
:10038000040B42F8040BF8E700201849184A914280
:100390003CBF41F8040BFAE707F0CAFA06F08EFCFE
:1003A000144C154DAC4203DA54F8041B8847F9E7A6
:1003B00000F0C4F9114C124DAC4203DA54F8041B9E
:1003C0008847F9E707F0B2BA0006002000220020B3
:1003D0000000000808ED00E00000002000060020FA
:1003E000B09D0008002200208422002088220020E6
:1003F000AC7B0020E0020008E0020008E0020008F8
:10040000E00200082DE9F04F2DED108AC1F80CD064
:10041000D0F80CD0BDEC108ABDE8F08F002383F338
:1004200011882846A047002006F0A6F9FEE706F04E
:10043000FFF800DFFEE7000053B94AB9002908BF02
:1004400000281CBF4FF0FF314FF0FF3000F074B9AF
:10045000ADF1080C6DE904CE00F006F8DDF804E01B
:10046000DDE9022304B070472DE9F047089D0446FA
:100470008E46002B4DD18A42944669D9B2FA82F257
:1004800052B101FA02F3C2F1200120FA01F10CFA93
:1004900002FC41EA030E94404FEA1C48210CBEFBCB
:1004A000F8F61FFA8CF708FB16E341EA034306FB54
:1004B00007F199420AD91CEB030306F1FF3080F0E3
:1004C0001F81994240F21C81023E63445B1AA4B230
:1004D000B3FBF8F008FB103344EA034400FB07F7D2
:1004E000A7420AD91CEB040400F1FF3380F00A8113
:1004F000A74240F207816444023840EA0640E41B08
:1005000000261DB1D4400023C5E900433146BDE8B3
:10051000F0878B4209D9002D00F0EF800026C5E955
:10052000000130463146BDE8F087B3FA83F6002E6D
:100530004AD18B4202D3824200F2F980841A61EBE5
:10054000030301209E46002DE0D0C5E9004EDDE703
:1005500002B9FFDEB2FA82F2002A40F09280A1EBEB
:100560000C014FEA1C471FFA8CFE0126200CB1FB40
:10057000F7F307FB131140EA01410EFB03F0884239
:1005800008D91CEB010103F1FF3802D2884200F2C6
:10059000CB804346091AA4B2B1FBF7F007FB101158
:1005A00044EA01440EFB00FEA64508D91CEB0404F6
:1005B00000F1FF3102D2A64500F2BB800846A4EB51
:1005C0000E0440EA03409CE7C6F12007B34022FA3C
:1005D00007FC4CEA030C20FA07F401FA06F31C436B
:1005E000F9404FEA1C4900FA06F3B1FBF9F8200C78
:1005F0001FFA8CFE09FB181140EA014108FB0EF0BE
:10060000884202FA06F20BD91CEB010108F1FF3A0D
:1006100080F08880884240F28580A8F10208614419
:10062000091AA4B2B1FBF9F009FB101144EA014127
:1006300000FB0EFE8E4508D91CEB010100F1FF34D2
:100640006CD28E456AD90238614440EA0840A0FB6A
:100650000294A1EB0E01A142C846A64656D353D040
:100660005DB1B3EB080261EB0E0101FA07F722FA64
:1006700006F3F1401F43C5E9007100263146BDE88D
:10068000F087C2F12003D8400CFA02FC21FA03F3F0
:10069000914001434FEA1C471FFA8CFEB3FBF7F071
:1006A00007FB10360B0C43EA064300FB0EF69E4296
:1006B00004FA02F408D91CEB030300F1FF382FD22F
:1006C0009E422DD9023863449B1B89B2B3FBF7F6D7
:1006D00007FB163341EA034106FB0EF38B4208D9B0
:1006E0001CEB010106F1FF3816D28B4214D9023EF1
:1006F0006144C91A46EA004638E72E46284605E70F
:100700000646E3E61846F8E64B45A9D2B9EB0208DF
:1007100064EB0C0E0138A3E74646EAE7204694E76F
:100720004046D1E7D0467BE7023B614432E73046A2
:1007300009E76444023842E7704700BF38B501F06A
:10074000FFF901F0C7FB06F057FF054607F046F832
:100750000446D0B90F4B9D4219D001339D4241F25E
:10076000883504BF01240025002006F04FFF0CB19E
:1007700000F078F801F04EFB00F026FD08B100F023
:1007800071F8284600F01CF9F9E70025ECE705466A
:10079000EAE700BF010007B008B501F09DF9A0F13C
:1007A00020035842584108BD07B541F21203022107
:1007B00001A8ADF8043001F0ADF903B05DF804FB19
:1007C00038B5302383F31188174803680BB106F05E
:1007D000B7F80023154A4FF47A71134806F0A6F8CB
:1007E000002383F31188124C236813B12368013B63
:1007F0002360636813B16368013B63600D4D2B7820
:1008000033B963687BB9022001F064FA3223636074
:100810002B78032B07D163682BB9022001F05AFA19
:100820004FF47A73636038BD88220020C107000846
:10083000A8230020A0220020084B187003280CD801
:10084000DFE800F008050208022001F033BA0220B8
:1008500001F01EBA024B00225A607047A02200200D
:10086000A8230020F8B5504B504A1C4619680131A6
:1008700000F0998004339342F8D162684C4B9A425D
:1008800040F291804B4B9B6803F1006303F500330A
:100890009A4280F08880002001F06CF90220FFF776
:1008A000CBFF454B0021D3F8E820C3F8E810D3F87C
:1008B0001021C3F81011D3F81021D3F8EC20C3F89D
:1008C000EC10D3F81421C3F81411D3F81421D3F881
:1008D000F020C3F8F010D3F81821C3F81811D3F89A
:1008E0001821D3F8802042F00062C3F88020D3F8AA
:1008F000802022F00062C3F88020D3F88020D3F853
:10090000802042F00072C3F88020D3F8802022F0CB
:100910000072C3F88020D3F8803072B64FF0E02325
:10092000C3F8084DD4E90004BFF34F8FBFF36F8FB6
:10093000224AC2F88410BFF34F8F536923F48033E7
:100940005361BFF34F8FD2F8803043F6E076C3F3A4
:10095000C905C3F34E335B0103EA060C29464CEA92
:1009600081770139C2F87472F9D2203B13F1200F5C
:10097000F2D1BFF34F8FBFF36F8FBFF34F8FBFF332
:100980006F8F536923F4003353610023C2F8503250
:10099000BFF34F8FBFF36F8F302383F311888546EA
:1009A00080F308882047F8BD0000020820000208F4
:1009B000FFFF0108002200200044025800ED00E083
:1009C0002DE9F04F93B0B44B2022FF2100900AA8EC
:1009D0009D6801F0C9F9B14A1378A3B90121B04863
:1009E00011700360302383F3118803680BB105F0A5
:1009F000A7FF0023AB4A4FF47A71A94805F096FF90
:100A0000002383F31188009B13B1A74B009A1A604F
:100A1000A64A1378032B03D000231370A24A536015
:100A20004FF0000A009CD3465646D146012001F003
:100A300041F924B19C4B1B68002B00F0268200205A
:100A400001F04AF80390039B002BF2DB012001F038
:100A50001FF9039B213B1F2BE8D801A252F823F07A
:100A6000E10A0008090B00089D0B00082D0A000888
:100A70002D0A00082D0A00082F0C0008FF0D0008A1
:100A8000190D00087B0D0008A30D0008C90D000812
:100A90002D0A0008DB0D00082D0A00084D0E000885
:100AA000810B00082D0A0008910E0008ED0A0008CD
:100AB000810B00082D0A00087B0D00082D0A000894
:100AC0002D0A00082D0A00082D0A00082D0A00082A
:100AD0002D0A00082D0A00082D0A00089D0B0008A9
:100AE0000220FFF759FE002840F0F981009B022107
:100AF00005A8BAF1000F08BF1C4641F21233ADF849
:100B0000143001F007F891E74FF47A7000F0E4FF39
:100B1000071EEBDB0220FFF73FFE0028E6D0013F77
:100B2000052F00F2DE81DFE807F0030A0D1013360F
:100B30000523042105A8059300F0ECFF17E004212C
:100B40005548F9E704215A48F6E704215948F3E7E4
:100B50004FF01C08404608F1040801F00DF804218C
:100B6000059005A800F0D6FFB8F12C0FF2D10120B6
:100B70004FF0000900FA07F747EA0B0B5FFA8BFB0F
:100B800001F03EF926B10BF00B030B2B08BF00243C
:100B9000FFF70AFE4AE704214748CDE7002EA5D01B
:100BA0000BF00B030B2BA1D10220FFF7F5FD07463D
:100BB00000289BD00120002600F0DCFF0220FFF778
:100BC0003BFE1FFA86F8404600F0E4FF0446B0B151
:100BD000039940460136A1F140025142514100F0D3
:100BE000E9FF0028EDD1BA46044641F21213022172
:100BF00005A83E46ADF8143000F08CFF16E72546F8
:100C00000120FFF719FE244B9B68AB4207D9284609
:100C100000F0B2FF013040F067810435F3E70025B2
:100C2000224BBA463E461D701F4B5D60A8E7002E62
:100C30003FF45CAF0BF00B030B2B7FF457AF02209C
:100C4000FFF7FAFD322000F047FFB0F10008FFF691
:100C50004DAF18F003077FF449AF0F4A08EB0503C7
:100C6000926893423FF642AFB8F5807F3FF73EAFC0
:100C7000124BB845019323DD4FF47A7000F02CFF3E
:100C80000390039A002AFFF631AF039A0137019BC4
:100C900003F8012BEDE700BF00220020A423002071
:100CA00088220020C1070008A8230020A0220020DD
:100CB00004220020082200200C220020A422002070
:100CC000C820FFF769FD074600283FF40FAF1F2D2E
:100CD00011D8C5F120020AAB25F003008449424532
:100CE000184428BF4246019201F018F8019AFF21EA
:100CF0007F4801F039F84FEAA803C8F387027C491E
:100D00002846019301F038F8064600283FF46DAFFD
:100D1000019B05EB830533E70220FFF73DFD00282B
:100D20003FF4E4AE00F064FF00283FF4DFAE00279C
:100D3000B846704B9B68BB4218D91F2F11D80A9B2D
:100D400001330ED027F0030312AA134453F8203CBA
:100D500005934046042205A9043701F053F9804663
:100D6000E7E7384600F008FF0590F2E7CDF8148079
:100D7000042105A800F0CEFE02E70023642104A8A8
:100D8000049300F0BDFE00287FF4B0AE0220FFF710
:100D900003FD00283FF4AAAE049800F01FFF059061
:100DA000E6E70023642104A8049300F0A9FE0028CC
:100DB0007FF49CAE0220FFF7EFFC00283FF496AED4
:100DC000049800F00DFFEAE70220FFF7E5FC002899
:100DD0003FF48CAE00F01CFFE1E70220FFF7DCFCE3
:100DE00000283FF483AE05A9142000F017FF074642
:100DF0000421049004A800F08DFE3946B9E73220A2
:100E000000F06AFE071EFFF671AEBB077FF46EAE00
:100E1000384A07EB0903926893423FF667AE022017
:100E2000FFF7BAFC00283FF461AE27F003074F44F8
:100E3000B9453FF4A5AE484609F1040900F09CFE0F
:100E40000421059005A800F065FEF1E74FF47A70E3
:100E5000FFF7A2FC00283FF449AE00F0C9FE0028CD
:100E600044D00A9B01330BD008220AA9002000F0CD
:100E700083FF00283AD02022FF210AA800F074FF47
:100E8000FFF792FC1C4805F07DFC13B0BDE8F08F25
:100E9000002E3FF42BAE0BF00B030B2B7FF426AE92
:100EA0000023642105A8059300F02AFE07460028C8
:100EB0007FF41CAE0220FFF76FFC804600283FF451
:100EC00015AEFFF771FC41F2883005F05BFC059828
:100ED00000F0DEFF46463C4600F092FFA6E50646DF
:100EE0004EE64FF0000901E6BA467EE637467CE65C
:100EF000A422002000220020A086010070470000EC
:100F000070470000704700002DE9F04100F5803780
:100F1000044616463B7C5BB9C0681030204400F0A4
:100F2000FDFEE5683544B5F5004FE56002D816B121
:100F3000BDE8F081DEB905F07F0605F11000002163
:100F4000C6F180062044F6B232462E4400F00CFF73
:100F5000A06804F11008324600F10060414600F537
:100F6000003006F0E9F830B901233B74E0E74FF4B4
:100F700000463546ECE7A26805F1100140463244D0
:100F80002144A260E268521BE26000F0C7FE02202A
:100F9000BDE8F04100F09EBE183000F0E9BC000052
:100FA00010B5044601F04AF8204610BD10B50446BD
:100FB00001F044F8204610BDC0B2A0F14103052B5A
:100FC00002D83738C0B27047A0F16103052B94BF37
:100FD00057383038F6E7000070B504461546084625
:100FE00003220C4900F0A4FE014688B908346E1CA7
:100FF00015F91100FFF7E0FF024616F91100013163
:10100000FFF7DAFF102940EA021004F8010BEFD1D4
:1010100070BD00BF709300082DE9F04FADF53F7D26
:101020000746416801222AA802F0E6FE002840F0A7
:1010300087800646824681461125DFF80C81DFF85D
:101040000CB101AB4FF4805241462AA803F034F8AA
:10105000002875D1019AB2F5805F71D8002A65D059
:101060000446019A9442ECD2282D0FD008DC132DAF
:101070002DD01E2D39D0112D13D00134A4B2F0E79C
:10108000322D2DD0372D2FD02D2DF6D13B68121BB0
:1010900008EB040138461B692D259847BDF804402C
:1010A000EBE7121B022A09D9594608EB040000F0AD
:1010B0003FFE18B902342825A4B2DEE718F8043040
:1010C0003A2B3DD00A2B1CBFA1461325D5E718F8B3
:1010D00004300A2B34D03A2B04BFA2463225CCE789
:1010E00018F80430202BC8D0264618F804300A2BF4
:1010F0001AD1AAEB090208EB090102A811254F2A0F
:1011000028BF4F2208F020F9A21B08EB060116A801
:101110004F2A28BF4F2208F017F93B6816AA02A9E8
:10112000DB6838469847A8E71E25A6E73B6838469F
:1011300004491B69984701200DF53F7DBDE8F08FFC
:101140000020F9E772940008B0230020749300088F
:1011500000F1180110B5044686B00846019100F070
:10116000F1FB2046FFF758FF60B1019902A800F09B
:1011700049FC102204F1080102A808F0A5F8B0FA11
:1011800080F0400906B010BD70B504460025EEB2EF
:10119000304600F0FFFC58B100213046013500F028
:1011A00009FD08B9002070BD022000F093FDEEE7B4
:1011B0002046FFF731FF0028F4D004F58034207C6E
:1011C00080F00100EFE70000F0B5C9B006F02CFA9E
:1011D00000F050FF18B90025284649B0F0BD694617
:1011E0002A4803F02BF800284BD1294C204603F065
:1011F00055F8284803F052F8274803F04FF82146E5
:10120000224803F0C7F80028E5D1702000F010FF55
:10121000064610B1214B44600360336830469B683A
:101220009847054600282ED01A4F1948394603F032
:10123000B1F805460028CED1194800F0F9FE044661
:1012400038B1184B4760036000F58033C0E90255A0
:101250001D74236820469B689847054628B10E49AF
:101260000C4803F097F80028B5D1336830465B6826
:1012700098471CB1236820465B68984700F0E2FE5F
:10128000AAE70025FAE70446EFE700BF78930008D5
:10129000889300089F930008B5930008D89300082E
:1012A00014000100F49300082DE9F04FD44A8DB0EA
:1012B0000B68D0F804A001931A440368D14E1A4475
:1012C000D1F81C90DFF8B4C3DFF8B4B3D0E902342E
:1012D000634003EA0A03634013444A6802920AEB3C
:1012E0007363029CC84A2244C468224484688AEA20
:1012F00004051D40654015448A68039203EB35558B
:10130000039CC24A2244846822448AEA03042C4093
:1013100084EA0A041444CA6805EBF43404921644BF
:1013200083EA0502224056445A4032440E6905962B
:1013300004EBB222059FB64E3E441E4485EA0403E8
:1013400013406B4033444E69069602EB7363069F6D
:10135000B04E3E442E4484EA02051D4065403544AB
:101360008E69079603EB3555079FAB4E3E442644E6
:1013700082EA03042C4054403444A84E4E4405EB0A
:10138000F434164483EA050222405A4032440E6A7D
:10139000089604EBB222089FA14E3E441E4485EA03
:1013A000040313406B4033444E6A099602EB7363A7
:1013B000099F9C4ED1F830E03E44D1F83880F34488
:1013C0002E4484EA02051D40654035448E6AA6F528
:1013D000244703EB35550A964F3F274482EA03041E
:1013E0002C4054403C44CF6A0B9705EBF4340B9EE1
:1013F0008D4F3744029E174483EA050222405A402B
:101400003A448A4F774404EBB2221F4485EA04032E
:1014100013406B403B444F6BBC4402EB7363654429
:1014200084EA020C0CEA030C8CEA040C6544DFF835
:1014300054C2C44403EB3555A44482EA03042C404F
:1014400054406444D1F83CC0794905EBF43461441C
:10145000114483EA050222405A400A44754904EBCC
:10146000B2223144079E194484EA02032B406340B0
:101470000B44714902EBF36331440B9E0D4482EA45
:1014800003012140514029446C4D03EBF151354497
:10149000019E254483EA010414405C402C44684DBD
:1014A00001EBB4443544069E154481EA04021A4017
:1014B0004A402A44634D04EB323235440A9E1D44AF
:1014C00084EA02030B4063402B445F4D02EBF3635D
:1014D0003544059E0D4482EA0301214051402944D0
:1014E0005A4D03EBF1516544254483EA010414404D
:1014F0005C402C44564D01EBB4443544099E1544E0
:1015000081EA04021A404A402A44524D04EB323226
:101510003544049E1D4484EA02030B4063402B447F
:101520004D4D02EBF36345440D4482EA0301214033
:1015300051402944494D03EBF1513544089E2C4458
:1015400083EA010515405D402C44454D01EBB44450
:101550003544039E2A4481EA04051D404D402A4437
:10156000404D04EB32323D442B4484EA020593445F
:101570000D4065402B443C4D02EBF3633544069E21
:10158000294482EA0305254055402944374D03EBA1
:10159000F1514D442C4483EA010515405D4025443A
:1015A00001EBB54581EA050404EA03024A405A44C6
:1015B000A6F5B82B089E05EB3232ABF2BE6B544059
:1015C0005B4423442A4C344402EB33730B9E0C449B
:1015D00085EA020159402144264C344403EB715101
:1015E000029E254482EA03044C402544224C444494
:1015F00001EB3545144483EA01026A40224443E08A
:1016000078A46AD7EECEBDC156B7C7E8DB702024F8
:10161000AF0F7CF52AC68747134630A8019546FDD3
:10162000D8988069AFF7448BBED75C892211906B44
:101630002108B44962251EF640B340C0515A5E26C7
:10164000AAC7B6E95D102FD65314440281E6A1D88B
:10165000C8FBD3E7E6CDE121D60737C3870DD5F424
:10166000ED145A4505E9E3A9F8A3EFFCD9026F6729
:1016700081F6718722619D6D0C38E5FD937198FDAF
:101680008A4C2A8D8E4379A6934C344405EB722202
:10169000059E1C4481EA0503534023448F4C344487
:1016A00002EB33730A9E0C4485EA0201594021443F
:1016B0008B4C4C4403EB7151254482EA03044C40AB
:1016C0002C44884D354401EB3444019E154483EA93
:1016D000010262402A44844D3D4404EB72221D44C1
:1016E00081EA040353402B44804D354402EB3373AD
:1016F000049E294484EA02055D4029447C4D35441A
:1017000003EB7151079E254482EA03044C402C44AC
:10171000784D354401EB3444099E2A4483EA01059F
:1017200065401544744A324404EB7525039E134406
:1017300081EA04026A401A44704B734405EB32722A
:101740000B4484EA0501514019446D4B634402EB9C
:1017500071511C4485EA02034B401C44694B3344DD
:1017600001EB3444019E1D4482EA010363402B4493
:10177000654D04EB73233544069E154463EA01026C
:1017800062402A44614D03EBB2624D4462EA0409AF
:1017900029445F4D89EA0309454449442C445D4D81
:1017A00002EBB1513544049E61EA03081D4488EA06
:1017B0000208444401EB744464EA02034B402B44A6
:1017C000554D04EBF323754463EA010E15448EEA8C
:1017D000040E0EEB0502514D03EBB262354462EA92
:1017E000040E29440A9D8EEA030EA5F580164C4D81
:1017F0007144A6F6833602EBB151264461EA030434
:1018000054403444029E01EB7444354464EA0206B9
:101810001D444E407319089E424D04EBF32335449A
:1018200063EA01061544664072193F4D03EBB2624C
:10183000654462EA040629443C4D5E403144079EFB
:1018400002EBB151354461EA03062C44384D564051
:101850003D443444059E1D4401EB744464EA020394
:101860004B402B44334D04EBF32335440B9E15447E
:1018700063EA010262402A442F4D03EBB262354411
:10188000039E0D4462EA0401594029442B4D02EBAA
:10189000B15135442A4E254461EA030454402C4496
:1018A000099D01EB74442E4464EA02051E4485EA56
:1018B00001039D1903681A440AEB040303EBF523A3
:1018C0000260436083681C44C36819448460C1603B
:1018D0000DB0BDE8F08F00BF44EABEA4A9CFDE4B37
:1018E000604BBBF670BCBFBEC67E9B28FA27A1EA40
:1018F0008530EFD4051D880439D0D4D9E599DBE6CD
:10190000F87CA21F6556ACC4442229F497FF2A43F1
:10191000A72394AB39A093FCC3595B6592CC0C8F81
:10192000D15D84854F7EA86FE0E62CFE144301A3B1
:10193000A111084E827E53F735F23ABDBBD2D72AA9
:1019400091D386EB094B036003F18833436003F1C5
:101950002943A3F59613A3F68B638360A3F1883321
:10196000C3600023C0E90433704700BF012345670B
:101970002DE9F8431446026905460E46E300C2F31A
:10198000C50800F118079B18036122BF43690133A2
:10199000436112F4FC7F436903EB5473436114D039
:1019A000C8F1400907EB08004C4504D22246BDE8C7
:1019B000F84307F099BC403C4A464E4407F094FC7B
:1019C000444439462846FFF76FFCA04606EB04095D
:1019D000B8F13F0FA9EB08010AD94022384607F0B9
:1019E00083FC39462846A8F14008FFF75DFCEFE785
:1019F000A1096FF03F02384602FB014206EB81115C
:101A0000D5E7000070B50B6901F1180506460C46D4
:101A1000C3F3C503EA18501C8022EA54C3F13F0205
:101A2000072A1FD8002100F09FF929462046FFF71A
:101A30003BFC38220021284600F096F9236929460C
:101A40002046236563696365FFF72EFC214610225B
:101A5000304607F049FC204658220021BDE870407E
:101A600000F082B9C3F137020021E5E72DE9F84F14
:101A70004FF47A7306460D46002402FB03F7DFF8A5
:101A80005080DFF8509098F900305FFA84FA5A1CC1
:101A900001D0A34210D159F824002A4631460368E8
:101AA000D3F820B03B46D847854205D1074B0120EB
:101AB00083F800A0BDE8F88F0134042CE3D14FF483
:101AC000FA7004F05FFE0020F4E700BFF43300205A
:101AD0001022002014220020002307B50246012115
:101AE0000DF107008DF80730FFF7C0FF20B19DF81A
:101AF000070003B05DF804FB4FF0FF30F9E700008A
:101B00000A46042108B5FFF7B1FF80F00100C0B21A
:101B1000404208BD074B0A4630B41978064B53F8CB
:101B20002140014623682046DD69044BAC4630BCA9
:101B3000604700BFF433002014220020A08601007B
:101B400070B50A4E00240A4D05F09AFA30802868D4
:101B50003388834208D905F08FFA2B680444013397
:101B6000B4F5003F2B60F2D370BD00BFF633002008
:101B7000B033002005F05EBB00F1006000F50030DE
:101B80000068704700F10060920000F5003005F039
:101B9000D3BA0000054B1A68054B1B889B1A834279
:101BA00002D9104405F068BA00207047B033002015
:101BB000F633002038B50446074D29B12868204483
:101BC000BDE8384005F070BA2868204405F05AFA9C
:101BD0000028F3D038BD00BFB0330020002070478C
:101BE00000F1FF5000F58F10D0F80008704700009A
:101BF000064991F8243033B100230822086A81F89D
:101C00002430FFF7BFBF0120704700BFB43300206E
:101C1000014B1868704700BF0010005C194B013879
:101C20000322084470B51D68174BC5F30B042D0C37
:101C30001E88A6420BD15C680A46013C82421346CC
:101C40000FD214F9016F4EB102F8016BF6E7013AB9
:101C500003F10803ECD181420B4602D22C2203F897
:101C6000012B0424094A1688AE4204D1984284BF4D
:101C7000967803F8016B013C02F10402F3D1581A83
:101C800070BD00BF0010005C2422002034940008C6
:101C9000022804D1054B4FF400129A6170470128C5
:101CA000FCD1034B4FF08062F7E700BF00280258D9
:101CB00000180258022803D1044B20229A61704771
:101CC0000128FCD1024B4FF48062F7E7002802584C
:101CD00000180258022805D1064A536983F02003F0
:101CE000536170470128FCD1034A536983F4806330
:101CF000F6E700BF002802580018025870B50446E5
:101D00004FF47A764CB1412C254628BF412506FB7D
:101D100005F0641B04F036FDF4E770BD002310B538
:101D2000934203D0CC5CC4540133F9E710BD0000EA
:101D3000013810B510F9013F3BB191F900409C42C8
:101D400003D11AB10131013AF4E71AB191F9002037
:101D5000981A10BD1046FCE703460246D01A12F945
:101D6000011B0029FAD1704702440346934202D076
:101D700003F8011BFAE770472DE9F8431F4D14469D
:101D80000746884695F8242052BBDFF870909CB334
:101D900095F824302BB92022FF2148462F62FFF707
:101DA000E3FF95F824004146C0F1080205EB8000EE
:101DB000A24228BF2246D6B29200FFF7AFFF95F8A5
:101DC0002430A41B17441E449044E4B2F6B2082EFB
:101DD00085F82460DBD1FFF70BFF0028D7D108E09E
:101DE0002B6A03EB82038342CFD0FFF701FF002869
:101DF000CBD10020BDE8F8830120FBE7B4330020FD
:101E0000024B1A78024B1A70704700BFF43300205F
:101E100010220020F8B5194C194803F0BBFF2146E9
:101E2000174803F0E3FF24684FF47A70154ED4F896
:101E30009020154DD2F80438114F43F00203C2F838
:101E40000438FFF75BFF2046104904F0DDF8D4F8B2
:101E500090200424D2F8043823F00203C2F8043896
:101E60004FF4E133336055F8040BB84202D03146E9
:101E700003F0EEFE013CF6D1F8BD00BF2C9C00083B
:101E8000905D0020DC33002014220020349C0008E8
:101E90000C4B70B50C4D04461E780C4B55F82620A3
:101EA0009A420DD00A4B002118221846FFF75CFF1A
:101EB0000460014655F82600BDE8704003F0C8BE36
:101EC00070BD00BFF433002014220020905D00207C
:101ED000DC3300202DE9F04771B6464B01201D6828
:101EE000454BB3F8008000231A46194602F0C2FDA4
:101EF0000446802005F03EFA0746002862D0002CF8
:101F000060D03E4EADB24FF0800A7369284643F070
:101F1000C0637361D6F8143143F0C063C6F814315E
:101F200005F0AAF805EB080200FB05F34FF4D06CAE
:101F300050434FF03D0E984233D93269520144D498
:101F4000D6F81021510140D4216803F100628A6063
:101F50002268D7602268C2F804A02268C2F800C0D4
:101F6000D4F80090D9F8002042F00102C9F800200E
:101F7000D4F80090D9F8002022F01E02C9F8002001
:101F8000D4F80090D9F80020D207FBD494F80C9034
:101F9000803361680EFA09F20A60CCE7002005F090
:101FA00049F9204602F0A6FD384605F01FFA134B0A
:101FB0005A6942F0C0625A61D3F8142142F0C062FB
:101FC000C3F8142161B6BDE8F0870D4B9A6A42F45C
:101FD00000729A629A6A42F400429A6261B60026DE
:101FE000012005F027F9B045D8D9A819013605F028
:101FF0005BF8F8E7B0330020F633002000200052F1
:1020000000ED00E030B50A44084D91420DD011F8C2
:10201000013B5840082340F30004013B2C4013F0DF
:10202000FF0384EA5000F6D1EFE730BD2083B8ED1E
:102030000121884238BF084605F0D4B908B105F03F
:10204000D5B9704710B5084C01220849002001F0AD
:10205000AFFE23783BB1064803F072FD044803F05D
:10206000A5FD0023237010BDF84300204494000810
:10207000D84600201A4B1B4A2DE9F0411A4E1A652A
:1020800033780BB1FFF7DEFF0324184F4FF0000841
:10209000134D16492846C7F8048003F079FD2846F9
:1020A00003F0B2FB48B1013C284603F07FFD14F079
:1020B000FF04EED1204634700FE00D4901220D4897
:1020C00001F076FE014618B1284603F039FDEAE733
:1020D000094800F013F801203070BDE8F08100BF1E
:1020E000D84600203C220020F84300204C2200204B
:1020F00044940008FC430020489400080FB40020DA
:1021000004B070470068704703460068596870471C
:102110000B0A017043700B0C090E8370C17070477D
:10212000110A027003714170110C120E8170C2709D
:102130001A0A42711A0C1B0E8271C371704700009B
:10214000C36A0239023B8B4283BF4389006C01FBA7
:102150000300002070470000C2F307238A76CB7685
:102160000378032B01BF120C0A75120A4A757047D7
:1021700000F10B010022D30143EA520310F8012BB6
:1021800052FA83F38842DAB2F5D110467047000064
:1021900010B5417804460020013102464901022A67
:1021A00016BFA35C032203EBC03302F101021EBF82
:1021B0009BB203EB500398B29142F0D810BD0000DF
:1021C00002684AB1134613F8011B1F290DD93A2999
:1021D000F9D1911C8B4202D04FF0FF30704712783A
:1021E000302AF9D1036000207047014B18787047FE
:1021F0004846002038B50D46044618B9092000238A
:102200002B6038BD0368002BF8D01A78002AF5D06F
:102210008188DA889142F1D1587804F04FFC10F0AF
:102220000100EBD12368EBE738B50D4640F252319F
:10223000144602F0B9F9FF2807D9012C0BD9030A7B
:10224000022468702B70204638BD30B1002CFAD0C3
:1022500001242870F7E70024F5E70446F3E70000BF
:102260002DE9F8430026D0F8008005460C468E760E
:10227000836B002B4AD098F80030042B4BD13346A7
:102280003546402720E0B7F5187F80F0C480F90676
:1022900006F1010608BF0237D05B02372BB900F503
:1022A000205292B2B2F5006F0DD305F11A01C5F1BB
:1022B000FF0240EA03402144FFF7B6FF002800F088
:1022C000AA80054400200346D8F8102092F8231075
:1022D000B142D8D8002B40F09E80002D00F09B80AA
:1022E00000232544AB766373D8F81020137903F0EC
:1022F0003701DB0621730BD402F13800FFF704FF2E
:10230000C4E9000193896381D3892381BDE8F883FF
:1023100000200146F4E7C36C01335ED1EA6B002371
:102320002E26551E184615F8011F013020290CD005
:10233000052908BFE521092804D10B2B9EBFE7180A
:1023400001337E73E718013379730B28EBD1E11861
:1023500000204873A17E00294BD1002B40D06FF0A4
:102360000C0604F10D000825361B331810F8011B6C
:10237000002938D02E298BB24AD0A3F14101192966
:1023800003D8117B0D4200D020330373EDE7B9F180
:10239000000F05D100F520539BB2B3F5006F0BD3AE
:1023A00007F11A01C7F1FF0240EA09402144FFF793
:1023B0003BFF48B10744002002368146D8F80C3074
:1023C000985B0028E3D13846B9F1000F4FF00002C6
:1023D00018BF002023189A76A0E7B1463746EDE7EC
:1023E0003F23A3760123234400219976137B03B96D
:1023F0006373D37A02F11C0003F03F0323730023BD
:10240000FFF780FE20606360D38A6381138B7CE7D3
:1024100010250B46B9E73F230125A37660E70000AE
:1024200038B50546002435F8020B08B9204638BDFA
:1024300002F0EEF86308C2B203EBC43312FA83F37E
:102440009AB2C0F3072303EB520303EBC2339CB2EF
:10245000E9E7000037B5C37804461BB900252846D4
:1024600003B030BD00F14C01826C01234078019132
:1024700004F04AFB054680B9A36BE070A06C226BA8
:10248000C31A9342EAD2A3780199022BE6D10244FF
:102490000123607804F038FBE1E70125DFE7000065
:1024A00038B5836C05460C468B4210D0FFF7D2FF3F
:1024B00060B92246012305F14C01687804F000FB65
:1024C00000281CBF4FF0FF340120AC6438BD002051
:1024D000FCE7000038B500230446C3704FF0FF331B
:1024E0008364FFF7DDFF00284BD1B4F84A524AF667
:1024F00055239D4207D10B22254904F14C0006F0DB
:10250000E3FE00283FD094F84C30EB2B03D0183377
:10251000DBB2012B2ED84AF655239D4206D1082264
:102520001C4904F19E0006F0CFFE48B3B4F85730C2
:10253000B3F5007F1ED194F85930DBB15A1E1A4210
:1025400018D1B4F85A30ABB194F85C30013B012B90
:1025500010D8B4F85D306BB1B4F85F307F2B06D87B
:1025600004F16C00FFF7CEFDB0F5803F02D3B4F864
:10257000623053B94AF6552085420CBF0220032031
:1025800038BD0420FCE70120FAE70020F8E700BF8F
:10259000749400088094000802392DE9F04701F096
:1025A00007044FF0010A466C05460AFA04F4174680
:1025B000984606EB1136C1F3C809E4B23146284605
:1025C0000136FFF76DFF18B10120BDE8F08799468D
:1025D00005EB090292F84C30234214BF012100217F
:1025E000414513D06340013F82F84C3085F803A089
:1025F000EBD0640014F0FF04EAD109F101030124D7
:102600004FF00009B3F5007FE1D1D7E70220DCE706
:1026100001290246F8B50C4640F28C800668F36A40
:102620008B4240F287803378013B032B00F282809B
:10263000DFE803F00229384B04EB5405B16B304658
:1026400001EB5521FFF72CFF10B14FF0FF30F8BD23
:102650006F1CC5F30805B16B3046354401EB5721BB
:1026600095F84C50FFF71CFF0028EED1C7F3080780
:10267000E3073E4496F84C0045EA00204CBF0009B1
:10268000C0F30B00E3E7B16B304601EB1421FFF719
:1026900007FF0028D9D1640004F4FF742644B6F87B
:1026A0004C00D4E7B16B304601EBD411FFF7F8FED4
:1026B0000028CAD1A40006F14C0004F4FE742044A2
:1026C000FFF720FD20F07040C1E7D0E90430D57954
:1026D00053EA000101D0916801B95DBB9168022DF8
:1026E000A4EB01010DD1013B728940F1FF305B0A7F
:1026F00043EAC053B3FBF2F399421BD81CD0601CD1
:10270000A5E7032D02D193698B42F8D8D3699BB911
:10271000B16B304601EBD411FFF7C2FE002894D113
:10272000A0004C3600F4FE703044FFF7EBFC20F0C4
:1027300000408CE701208AE76FF0004087E7000047
:10274000F8B5066804460D463378042B0CBF4FF0ED
:1027500080524FF400128A4201D80220F8BDCA0606
:10276000FBD182680163D2B9022B13D83389B3EB52
:10277000551FF2D9F36BA363A36B6263002BECD0FC
:1027800003EB55234C36C5F308050020A3633544FD
:10279000E563E3E7F36BC271002BE7D01A46778954
:1027A0007F02BD42114604D23046FFF7C9FCA06348
:1027B000E2E72046FFF72CFF431C024606D0012823
:1027C000CBD9F36A8342C8D9ED1BEAE70120C5E7FC
:1027D00001292DE9F04706460C46174608D9C36A79
:1027E0008B4205D90378022B62D003D8012B22D06B
:1027F000022552E0033B012BFAD8816B01EBD41187
:10280000FFF74EFE0546002847D1A40006F14C0311
:1028100004F4FE741C443378042B07D0204627F0C0
:102820007047FFF76FFC00F07040074339462046C1
:10283000FFF76EFC2FE001EB5108816B01EB582193
:10284000FFF72EFE054640BB14F0010406F14C09CB
:1028500008F1010AC8F3080808BFFBB230461FBFE1
:1028600019F8083003F00F023B0103F0F00318BF22
:10287000134309F808300123B16BF37001EB5A21BF
:10288000FFF70EFE054640B9CAF3080A44B1C7F384
:10289000071709F80A700123F3702846BDE8F0878E
:1028A00019F80A30C7F3032723F00F031F43F0E79B
:1028B000816B01EB1421FFF7F3FD05460028ECD1F5
:1028C000640006F14C0304F4FF741F551919C7F393
:1028D00007274F70DFE70000F8B504460E4617469D
:1028E000E3690BB91846F8BD012BA6EB0305206878
:1028F00014BFAA1C3A46691CFFF76AFF0028F2D1F0
:10290000E369013BE361EBE701292DE9F843064662
:102910000C461746056802D80220BDE8F883EB6A2A
:102920008B42F9D97AB9A14621463046A046FFF735
:102930006FFE0446B0B92B78042B02D1002F43D18F
:10294000F7710020E9E72B78042B02D1C379022B21
:10295000E9D04FF0FF3239462846FFF739FF00280B
:10296000E1D0DAE70128D7D0421C01D10120D4E719
:102970002B78042B19D1EA6AAB69023A93421CD333
:1029800008F10102A2420CD02B78042B08D10023BD
:10299000A2EB090249462846FFF7FEFD0028BCD1FC
:1029A000A146EB6AA342BFD8C5E7002241462846AC
:1029B000FFF70EFF0028DED0AFE70133AB612B79C4
:1029C00043F001032B71DBE7F3798BB9B468BC42A8
:1029D00002D10223F371B4E721463046FFF718FE17
:1029E000012899D9431CC1D001348442EFD0A8E713
:1029F000032BA6D1B368BB42A3D8B2691344BB4230
:102A00009FD3E6E770B5C3790446032B06D18168EE
:102A10008369CD18A94203D10023E371002070BD62
:102A20004E1C20683246FFF7D3FE0028F7D131460E
:102A3000F0E700002DE9F74305460191FFF70AFD95
:102A40000446002849D105F14C09019928464FF464
:102A50000072FFF775FB2146A86407464846FFF75A
:102A600083F96C896402B4F5004F28BF4FF4004429
:102A7000B4F5007F2FD9204604F0BCFC804630B16D
:102A800022460021640A0026FFF76EF909E0640877
:102A9000EEE72346BA194146687804F035F818B9CC
:102AA00026446B899E42F4D3404604F0B3FC688907
:102AB000801B18BF012003B0BDE8F08301366B898D
:102AC0009E42F4D20123BA194946687804F01CF8F2
:102AD0000028F3D0EBE70026F1E70120EBE7000048
:102AE000F8B50446FFF7B6FC0546002842D1237826
:102AF000032B37D12779012F34D104F14C0601463D
:102B00004FF400723046FFF72FF95523412272210E
:102B100084F84A32AA2304F50D7084F84F2084F813
:102B20004B32522384F8301284F84C3084F84D3004
:102B3000612384F8311284F84E3084F83332A1696D
:102B400084F83222FFF7E4FA616904F50E70FFF7AA
:102B5000DFFA626B3B46314601326078A26403F0D3
:102B6000D3FF257100226078114603F0F1FF003891
:102B700018BF0120F8BD000000232DE9F0430B60D1
:102B800085B00F461546FFF71BFB061EC0F2B2814B
:102B9000804B53F82640002C00F0AE813C6005F0DD
:102BA000FE0523786BB1607803F088FFC70708D46F
:102BB0001DB110F0040500D00A25284605B0BDE877
:102BC000F0830023F0B22370607003F063FFC1074D
:102BD00000F194810DB14207EED400212046FFF7A9
:102BE00079FC022840F099806E4604F2122304F228
:102BF0005221324618461033FFF784FA42F8040B8C
:102C00008B42F7D1002556F8041B00297DD02046C1
:102C1000FFF760FC012879D80128A26C40F0C08041
:102C200004F1570304F18C0113F8015B002D7BD1F3
:102C30008B42F9D1B4F8B430B3F5807F74D194F8F5
:102C4000B830092B70D104F19400FFF75DFA4FF012
:102C5000FF33171841F10001BB4275EB010363D349
:102C600004F1A000FFF74EFA94F8BA302063012B6C
:102C7000A37059D194F8B99003FA09F91FFA89F3AE
:102C80006381002B50D0444B04F1A800FFF73AFABF
:102C90000646984248D8831C626304F1A400E362AC
:102CA000FFF730FA00EB020804F19C00C4F8408002
:102CB000FFF728FA10441FFA89F2A06306FB02F31B
:102CC00013EB080345EB05029F4271EB02032BD384
:102CD0002E4604F1AC00FFF715FAE06365B963898D
:102CE000B34221D9E16B2046FFF72AFA8119204629
:102CF000FFF7D6FB98B90136631993F84C30812B56
:102D000014D02035C5F30805E8E703200135042D6C
:102D10007FF479AF042807D101E0042801D101250F
:102D20004BE701287FF678AF0D2546E705F1140043
:102D300004F14C063044FFF7E5F901280546F3D9C4
:102D4000E36A8342F0D96189821E236C02FB01335E
:102D50006364A16B204601EBD511FFF7A1FB0028AE
:102D6000DDD105F07F0006EB8000FFF7CBF9431CB7
:102D700003D00135A842ECD0D6E70425C4E905000C
:102D8000064A257000251388E56101339BB2138044
:102D9000E38012E74C460020FDFFFF7F50460020F5
:102DA000B4F85730B3F5007FBED1B4F8626026B9ED
:102DB00004F17000FFF7A6F9064694F85C3026632C
:102DC000591EA3700129AFD894F859506581002D80
:102DD000AAD0691E2942A7D1B4F85D8018F00F0F60
:102DE000A4F80880A0D1B4F85F0018B904F16C0011
:102DF000FFF788F9B4F85A10002995D006FB03FEB6
:102E000001EB181CF44460458ED3A0EB0C00A842E3
:102E1000B0FBF5F388D33E48834285D84FF6F57072
:102E200083426DD903259F1C114402EB0C03032D33
:102E3000E7626263A16323644CD1B4F8763053EA4D
:102E400008037FF471AFBB0004F17800FFF75AF973
:102E5000E06303F2FF13B6EB532FFFF465AF4FF0BF
:102E6000FF33032DC4E905334FF08003237187D16D
:102E7000B4F87C30012B83D1511C2046FFF710FBA6
:102E800000287FF47DAFB4F84A224AF6552320711A
:102E90009A427FF475AF1F4B04F14C00FFF732F9F3
:102EA00098427FF46DAF03F1FF5304F50C70FFF708
:102EB00029F903F50053203398427FF461AF04F5FC
:102EC0000D70FFF71FF9A06104F50E70FFF71AF9F6
:102ED000606155E7B8F1000F3FF426AF7144022D51
:102EE0004FEA4703E1631EBFD91907F0010303EB63
:102EF0005103AEE70B2560E60C255EE603255CE694
:102F000040F6F575AB428CBF022501258BE700BF6B
:102F1000F5FFFF0F525261412DE9F84F0746056852
:102F2000884649B96E69C6B1EB6AB34298BF0126BB
:102F3000AB69A3B9002405E0FFF76AFB012804464A
:102F400003D801242046BDE8F88F421C00F0D2804F
:102F5000EB6A8342F6D84646EAE70126E8E72A7894
:102F6000EB6A042A40F08380A6F1020A023B4FF08C
:102F7000010B9A4528BF4FF0000AD146696C2846DC
:102F800001EB1931FFF78CFA00283BD109F0070358
:102F9000EA6AC9F3C8010BFA03F3901EDBB26A18A0
:102FA0004C4609F1010992F84C20814502EA0302DE
:102FB00033BF5B0000234FF40071DBB228BF99469A
:102FC000B2B90234631E0333BCD80123214628461C
:102FD0001A46FFF7E1FA0228B3D0012800F08A80F0
:102FE000B8F1000F13D10223FB710028A9D130E002
:102FF000CA450AD0002BD2D10131B1F5007FBDD234
:103000000123CCE74FF0FF34DCE70024DAE7FB795B
:10301000022B07D1731CA342E7D0BB68F31ABB6134
:103020000323FB7108F10102FB69A24205D113B130
:103030000133FB61D9E70223FBE70BB90123FB61F5
:10304000224641463846FFF747FC00284FD101236E
:10305000FB61EA6AAB69023A6C6193429CBF03F17F
:10306000FF33AB612B7943F001032B716AE74645CF
:1030700014D1741C3846A34298BF02242146FFF79E
:10308000C7FA01283FF45DAF431C33D0E0B16B6950
:10309000012B03D9EA6A934238BF1E4634460134F5
:1030A000EB6AA34203D8012E7FF644AF02242146E7
:1030B0003846FFF7ADFA48B101283FF442AF01307E
:1030C00018D0B442EBD135E7002CE7D04FF0FF32F7
:1030D00021462846FFF77CFB48B9B8F1000FB8D06D
:1030E000224641462846FFF773FB0028B1D001284D
:1030F0007FF427AF4FF0FF3424E700002DE9F843B9
:1031000006680446076B894633782037042B0CBFCA
:103110004FF080534FF40013BB429CBF00238363E6
:10312000836B73B1C7F30808B8F1000F3CD10133CA
:10313000416B836339B93389B3EB571F34D800230C
:10314000A36304200AE07389013B13EA57232BD1C0
:10315000FFF75EFA0128054602D80220BDE8F88391
:10316000421C01D10120F9E7F36A834216D8B9F174
:10317000000FE4D0616B2046FFF7CEFE0546C8B1D4
:103180000128EAD0431CEDD001463046FFF752FC3F
:103190000028E7D1E37943F00403E3712946304680
:1031A0006563FEF7CDFFA0634C36002027634644DD
:1031B000E663D3E70720D1E7F8B50E4600210446C1
:1031C0000768FFF7BDFA98B90546A16B3846FFF7C7
:1031D00067F968B93A78E36B042A1B780CD11B06AF
:1031E0000ED5054601212046FFF788FF0028ECD0C8
:1031F000042808BF072006E0E52B01D0002BF0D102
:103200000135B542EED1F8BDC16C4B1C2DE9F04142
:1032100004460568066B1FD1E5274FF00108A16B36
:103220002846FFF73DF998B92A78E36B042A09BFCD
:103230001A781F7002F07F021A7085F80380236BE2
:10324000B3420DD200212046FFF758FF0028E6D0F8
:10325000042808BF022003E0FFF772FA0028DBD041
:10326000BDE8F0812DE9F04105460068A96B0669CB
:10327000FFF716F9044620B9EB6B1A78852A03D0BC
:1032800002242046BDE8F081324603F1200153F8C4
:10329000040B8B4242F8040BF9D1777801377F0198
:1032A000A7F16003B3F5007FEAD800212846FFF7B5
:1032B00025FF04280446E3D00028E2D1A96B286842
:1032C000FFF7EEF804460028DBD1EB6B1A78C02A32
:1032D000D6D106F1200203F1200153F8040B8B42F2
:1032E00042F8040BF9D196F823300F222C33B3FBAC
:1032F000F2F3B7EB431FC3D34FF040080021284639
:10330000FFF7FCFE04280446BAD00028B9D1A96B07
:103310002868FFF7C5F804460028B2D1EB6B1A788D
:10332000C12AADD1B8F5187F09D206EB080203F126
:10333000200153F8040B8B4242F8040BF9D108F139
:1033400020084745DAD8B8F5187F9AD83046FEF7F6
:103350001FFF7388834294D092E700000B6800221D
:1033600010B5036004460B6A83604B6AC261C37187
:1033700023F0FF03896AC0E90432C164FFF7E0F972
:1033800020B92046BDE81040FFF76CBF10BD00001B
:10339000F8B50368054601271C692046FEF7F8FECC
:1033A000A070000A6678E0702846E96CFFF7C8F95B
:1033B00020B1022828BF0220C0B2F8BDA96B28683E
:1033C000FFF76EF80028F4D1EB6B04F1200254F8FB
:1033D000041B944243F8041BF9D12B68DF70002EC4
:1033E000E7D000212846013EFFF788FEE0E7000015
:1033F0002DE9F8434FF0FF080646076804244546C8
:103400004FF6FF79B16B11B9002C73D063E03846E9
:10341000FFF746F8044600285DD1F06B0378002BD7
:103420006ED03A78042A11D1852B4DD1336B3046BA
:10343000F364FFF717FF044600284CD13B691B7962
:1034400003F03F03B3712046BDE8F883C27AE52B51
:1034500002F03F02B27143D02E2B41D022F0200166
:1034600008293DD00F2A40D1590637D503F0BF05B2
:10347000336B90F80D80F364437B434530D1428B2E
:1034800072BB03780D21FC6823F04003DFF874E081
:10349000013B4B4301211EF801CB30F80CC009B3AE
:1034A000FF2B1DD824F813C06146013301320D2AC9
:1034B000F1D10278520605D521B1FF2B10D8002298
:1034C00024F81320013DEDB200213046FFF716FE2F
:1034D0000446002896D00023B363B4E7AB42CBD0B8
:1034E000FF25F1E7CC45E1D0FAE72DB9FEF740FE24
:1034F000404501D10024A6E74FF0FF33F364A2E773
:103500000424E8E71C9500082DE9F04F002187B05E
:103510000446D0F80090FFF713F9804670B999F887
:103520000030042B33D1D9F80C00FEF779FF0746A1
:103530002046FFF75DFF054620B18046404607B0B4
:10354000BDE8F08FD9F810309A8CBA42F0D193F8D8
:1035500023B040265D4506D1D9F80C3033F815303C
:10356000002BE5D1EAE7F106D9F8103008BF0236A2
:10357000985B01F04DF8D9F80C30824633F815000D
:1035800001F046F88245D3D102360135E2E74FF02B
:10359000FF0A4FF0FF3B5546C4F84CB0A16B4846BC
:1035A000FEF77EFF00285CD1E66B3778002F77D0DE
:1035B000F27AE52F02F03F03A37103D0120704D57E
:1035C0000F2B04D0C4F84CB04FE00F2B54D194F81B
:1035D0004B3058063FD4790645D5236B07F0BF071B
:1035E00096F80DA0E364737B53453ED1738B002B9B
:1035F0003BD135780121D9F80C3005F03F05019316
:103600000D23013D5D43284B13F8012BB25A71B3D2
:10361000FF2D059329D81046049200F0F9FF6B1C8A
:1036200003900293019B33F8150000F0F1FF03991A
:1036300081421AD1049A029D1146059B1B4A93426E
:10364000E2D133785A0604D519B1019B33F815300D
:103650005BB97D1EEDB200212046FFF74FFD00282B
:103660009CD080466AE7BD42BDD0FF25F3E74FF608
:10367000FF708242E2D0F8E72DB93046FEF778FDC0
:1036800050453FF45BAF94F84B30DB079AD40B22E4
:1036900004F14001304605F017FE002892D14DE7B5
:1036A0004FF004084AE700BF1C9500082995000860
:1036B0002DE9F04F90F84BB099B004461BF0A005EF
:1036C00040F068810668F26832F81530002B4AD164
:1036D0003378042B40F087800F230E352046B5FB4E
:1036E000F3F5A91CFFF768FD8146002877D1236B0D
:1036F0000135A3EB4515E3795A07E56435D523F089
:1037000004032046E371FFF77DF950BB4FF0FF3211
:10371000616B2046FFF7E0F818BBA3682BB3214686
:1037200004A8FFF71BFEE0B970894FF40071D4E9DB
:103730000423E0FB01233069C4E904233830FEF799
:10374000EFFC3069D4E904232830FEF7E9FCE37983
:10375000326904A843F0010382F82130FFF718FE14
:1037600018B181463BE00135AEE7D6E9035440226B
:1037700000212046FEF7F8FA85230121402223701C
:10378000C0234FF0C10C04EB010884F82030002363
:103790001E469E46571C04F802C0F0B2023204F8DE
:1037A00007E021B135F8131009B10133DBB20F0A7C
:1037B000A15408F802700232D706F2D135F813701E
:1037C0000136002FE6D184F82330831C284663702D
:1037D000FEF726FE84F82400000A84F825004846F7
:1037E00019B0BDE8F08F04F140070DF1100A1BF08D
:1037F000010F97E807008AE8070000F0D380402314
:103800004FF0010884F84B30BC46F368B8F1050F5F
:103810009AE80700ACE803002CF8022B4FEA1242AA
:103820008CF8002059D9981E424630F8021F002912
:1038300042D10DF10F0C072102F00F0E9146120933
:103840000EF13000392888BF0EF1370001390CF82D
:10385000010902D0B9F10F0FEED818AB7E205A182B
:1038600002F8580C38460022914206D010F801CBDD
:1038700002F1010EBCF1200F31D104F13F0C0729F8
:1038800002F1010297BF18AB20205818013198BFF0
:1038900010F8580C072A0CF80200F0D92046FFF760
:1038A00033FE8146002878D108F10108B8F1640F91
:1038B000AAD14FF0070992E74FF0100C01F0010E6A
:1038C00049080EEB4202D30344BF82F4883282F0EF
:1038D0002102BCF1010CF1D1A7E74246A9E77246EB
:1038E000C2E7216B2046A1EB4511FEF729FF814677
:1038F00000287FF474AF4FF6FF783846FEF738FCA7
:103900000190A16B3046FEF7CBFD814600287FF485
:1039100066AFE36BE9B2019A4FF00D0CD6F80CE0FC
:103920005A734FF00F02DFF8E0A0DA724A1E1873E4
:103930000CFB02F284469876D87640451AF8019B33
:103940000CF1010C18BF3EF8120003EB090B18BF75
:10395000013203F809004FEA1029002808BF404649
:10396000BCF10D0F8BF80190E7D1404502D03EF835
:1039700012200AB941F040011970012300212046AC
:10398000F370FFF7BBFB814600287FF428AF013DB1
:10399000B7D11BE04FF0060921E704287FF41FAFE1
:1039A00084F84BB01BF0020F20461BBF0C350D21D5
:1039B0000125B5FBF1F518BF01352946FFF7FCFBE2
:1039C000814600287FF40BAF013D8AD1A16B3046C0
:1039D000FEF766FD814600287FF401AF01462022F4
:1039E000E06BFEF7C1F9E36B03CF18605960BA785A
:1039F00039889A72198194F84B30E26B03F01803FE
:103A000013730123F370EAE61C95000810B5044611
:103A10000A463430FEF776FB886004F13800FEF782
:103A200073FBC2E9040194F8213003F00203D3715F
:103A30000023D36110BD000003284B8B04BF8A8A8A
:103A400043EA0243184670472DE9F04F0B7899B0CE
:103A5000044689462F2BD0F800B001D05C2B09D149
:103A60004A461378914601322F2BFAD05C2BF8D0BE
:103A7000002301E0DBF81C30A3600023E3619BF826
:103A80000030042B1ED1A368E3B1DBF820302146BF
:103A900004A82362DBF824306362DBF82830A362D9
:103AA000FFF75CFC0346002854D1DBF8102002F13C
:103AB0003800FEF727FBC4E9040392F8213003F035
:103AC0000203E37199F800301F2B00F23581802347
:103AD0000021204684F84B3019B0BDE8F04FFEF7C6
:103AE0002FBE49460B78894601312F2BFAD05C2B2B
:103AF000F8D01F2B8CBF00250425012F2FD1138850
:103B00002E2B31D1002322F8173004F140029F42BE
:103B10008CBF2E21202101330B2B02F8011BF6D183
:103B200045F02005204684F84B50FFF7EDFC94F853
:103B30004B30002800F0E78004280BD1990603F0F1
:103B4000040240F1DC80002A00F0F680802300208F
:103B500084F84B3019B0BDE8F08F0425CDE7022F73
:103B600002D153882E2BCAD0911E87BB002322F886
:103B70001730002F00F0118132F81300194601337D
:103B80002028F9D009B92E2801D145F00305901E4F
:103B900030F817302E2B01D0013FF9D14FF02033F0
:103BA0004FF0000A6364D0462364C4F8473008230A
:103BB000481C32F811600090F6B1202E03D02E2E52
:103BC0000DD1B84210D045F003050099F0E731F867
:103BD0001730202B01D02E2BC8D1013FC5E79A45C5
:103BE00005D20099B9423BD10B2B30D101E00B2B10
:103BF00027D145F003050B2394F84020E52A04BFA4
:103C0000052284F84020082B04BF4FEA88085FFA99
:103C100088F808F00C030C2B03D008F00303032BE7
:103C200001D145F00205A8073FF57CAF18F0010F60
:103C300018BF45F0100518F0040F18BF45F008052F
:103C400070E70099B94202D045F00305D4D84FEA95
:103C500088080B234FF0080A00975FFA88F8B4E74A
:103C60007F2E15D9304640F25231CDE9022345F07E
:103C70000203019300F098FC10F0800F0646DDE986
:103C8000022316D000F07F0646498E5D019D46B3A3
:103C900031464548CDE9012305F040FBDDE901232C
:103CA000F8B9A6F1410189B219291ED848F00208D5
:103CB00010E0FF28EAD9591E8A4503D345F00305D1
:103CC0009A4682E704EB0A01000A0AF1010A019D03
:103CD00081F8400004EB0A010AF1010A81F8406012
:103CE00073E745F003055F26F4E7A6F1610189B2A9
:103CF00019299EBF203E48F00108B6B2EAE7002A23
:103D000008BF052026E75A073FF524AFA379DB0655
:103D100045D59BF80000042835D1A3682146E279F7
:103D200023622369DBF8100023F0FF03134363626F
:103D3000E36CA362FFF76AFE23680027DA6819F8CC
:103D4000010B00283FF409AF40F25231009200F01D
:103D50004BFC054608B31F28009A7FF6FEAE2F28BD
:103D60003FF4BFAE5C283FF4BCAE7F2805D80146C7
:103D70000E4805F0D3FA009A78B9FF2F0DD022F83B
:103D800017500137DBE7216B0BF14C03C1F308013E
:103D90001944FFF751FEA060CEE70620DAE60520C1
:103DA000D8E600BF9C940008959400088C94000805
:103DB0001FB5CDE9001003A814460391FEF700FAE1
:103DC000002815DB0B4A52F820300BB10021197086
:103DD000019B0BB10021197042F820302CB1002258
:103DE00001A96846FEF7C8FE0446204604B010BD8F
:103DF0000B24FAE74C4600202DE9F04798B0904696
:103E000005460191002800F0528102F03F0603A907
:103E100001A83246FEF7B0FE002840F04681039B21
:103E20004FF48C60049303F0E5FA0746002800F095
:103E30004081039B00F500720199D86004A81A61C3
:103E4000FFF702FE044620B99DF95B30002BB8BF96
:103E5000062418F01C0F00F0CD80002C4CD0042C50
:103E600040D104A8FFF724FC044600283AD146F0CC
:103E70000806039B1A78042A40F0838018692946B3
:103E80002B60FFF7C3FD039B1E220021186902303F
:103E9000FDF76AFF039C00211A2220692630FDF7F6
:103EA00063FF236920221A71246903F0DDFA0146B9
:103EB000012208342046FEF72BF9039B04A81B6956
:103EC00083F82120FFF764FA044658B9A96801B3C2
:103ED00002462846FEF718FDAB68039A0446013BEC
:103EE0005361B4B1384603F095FA0CB100232B604E
:103EF000204618B0BDE8F0879DF8163013F0110F7A
:103F000040F0848018F0040F40F0C98018F0080FCA
:103F1000AFD1039A31071399936C48BF46F040061E
:103F2000E964AB641078042872D1069B9DF81710E1
:103F30002B62089B106923F0FF030B4329466B6239
:103F4000179BAB62FFF762FDDDF80CA00024002296
:103F500005F15008BAF8063021464046C5F800A0E1
:103F6000AB80002385F8306085F831406C64C5E98A
:103F70000E234FF40072FDF7F7FEB20653D400246F
:103F8000B0E703F071FA0146009013980E30FEF787
:103F9000BFF8139800991630FEF7BAF8039C1399EE
:103FA0002078FFF749FD202300228046CB7220466F
:103FB0001399FEF7D1F8139B002201211A775A7743
:103FC0009A77DA77039BD970B8F1000FA1D04146F8
:103FD00004A8D3F84890FEF797FC0446002881D146
:103FE00049460398FEF75CFA039B044608F1FF304C
:103FF000586176E7002C7FF475AF9DF81630DC062B
:104000004FD418F0020F84D0D80782D5072469E76F
:10401000FFF712FD0023A86001F11C00FEF772F803
:104020006B61286190E7D5E9046956EA0903A6D0D7
:10403000BAF80AA0A9684FEA4A2AC5E90E69B2454A
:1040400074EB09031BD300242964002C7FF44AAFCE
:10405000C6F30803002B92D0039C2046FEF770F8AD
:1040600008B3760A0123414646EAC95682196A64B2
:10407000607802F025FD041E18BF012432E72846AF
:10408000FEF7C6FAB6EB0A06014669F100090128F7
:1040900003D9431CD3D10124D6E70224D4E7082452
:1040A00020E704241EE702241CE704461EE7092437
:1040B0001EE711241CE700002DE9F04F994685B05A
:1040C0000023884603A90446C9F800301646FEF7C7
:1040D00091F8054680BB94F831506DBB94F83030B0
:1040E00013F00103009300F0A68004F1500AD4E914
:1040F0000432D4E90E011B1A62EB0102B34272F1E1
:10410000000238BF1E46BEB1D4E90E10C1F3080349
:10411000002B40F08280039B5A894B0A013A43EA04
:10412000C0531A401BD151EA000309D1A0680128ED
:104130000DD8022584F83150284605B0BDE8F08F2F
:10414000216C20460192FEF763FA019AEFE7431CC7
:1041500004D10123009D84F83130EDE72064DDF8BF
:104160000CB0216C5846FDF7EBFF0028E1D0B6F506
:10417000007F02EB000731D3BBF80A1002EB562098
:10418000730A88429BF8010088BF8B1A3A46414661
:10419000019302F095FC0028DBD194F93020019BBB
:1041A000002A0BDA606CC01B984207D24FF40072F1
:1041B000514608EB4020FDF7B1FD019B5F02D9F8A5
:1041C0000030F61BB8443B44C9F80030D4E90E3245
:1041D000DB1942F10002C4E90E3294E7626CBA4284
:1041E0001AD094F93030002B0DDA012351469BF898
:1041F000010002F089FC0028ABD194F8303003F0C4
:104200007F0384F83030039801233A4651464078C2
:1042100002F056FC00289CD16764A16B4046C1F3B4
:104220000801C1F500775144B74228BF37463A46E6
:10423000FDF774FDC3E707257EE7000070B596B073
:104240000E460022019002A901A8FEF795FC044643
:10425000E0B94FF48C6003F0CDF80546D8B1029B6D
:1042600000F500720199D86002A81A61FFF7ECFB13
:10427000044640B99DF95330002B0ADB1EB131468C
:1042800002A8FDF7EDFF284603F0C4F8204616B05B
:1042900070BD0624F7E71124F8E7000070B5B8B048
:1042A0000222019003A901A8FEF766FC044608BBA0
:1042B000039B4FF48C60109303F09CF80546002894
:1042C00066D0039B00F500720199D86010A81A61AE
:1042D000FFF7BAFB044650B99DF88B30980655D4C9
:1042E000190653D49DF84630DA0706D50724284628
:1042F00003F090F8204638B070BD039B0493187803
:10430000042814D104A91869FFF780FB069E9DF8C4
:104310004630DB0610D410A8FEF776FF04460028CE
:10432000E5D156BB0398FEF7DBFB0446DFE71F9998
:10433000FFF782FB0646EAE7039BDA69B242D5D073
:1043400024930021269624A81B78042B01BFDDE9C5
:104350000823CDE928239DF817308DF89730FEF714
:10436000EFF904460028C2D124A8FFF741F804461B
:104370000028BBD00428BAD1CDE70246314604A8B4
:10438000FEF7C2FA04460028B1D1CBE70624AEE717
:104390001124AFE7F0B5BDB0CDE900106846FDF7D8
:1043A0000FFF022203A901A8FEF7E6FB044600283E
:1043B00041D1039B4FF48C60149303F01BF8054626
:1043C000002800F0EE80039B00F5007214AE019906
:1043D000D8601A613046FFF737FB044640BB9DF8B2
:1043E0009B3013F0A00F40F0D880039B009F1A78F9
:1043F000042A68D11B6904AC03F1400C1868083327
:1044000053F8041C2246634503C21446F6D15022D9
:10441000314628A8FDF782FC394628A8FFF714FB8F
:10442000044600284CD12A9A169B9A4206D00824AA
:10443000284602F0EFFF20463DB0F0BD349A209BA5
:104440009A42F4D128A8FFF733F904460028EFD1A7
:10445000039B04AF1B6993F801E093F823C09C8C85
:104460003A46083303CAB24243F8080C43F8041C26
:104470001746F5D1039B28A81B6983F801E0039B2D
:104480001A6982F823C01A6982F82440240A82F843
:1044900025401A691379D9065CBF43F020031371D4
:1044A000FEF776FF04460028C2D13046FEF7ACFE88
:1044B00004460028BCD10398FEF712FB0446B7E778
:1044C0000428B5D1BEE7239A04AB02F1200C106892
:1044D000083252F8041C1C46624503C42346F6D138
:1044E0005022314628A8FDF719FC394628A8FFF7C5
:1044F000ABFA044600284CD12A9A169B9A4296D1D0
:10450000349A209B9A4292D128A8FFF7D1F804460A
:1045100000288DD137990DF11D030DF12D0001F10A
:104520000D0253F8044B834242F8044BF9D118882A
:10453000012710809B7893709DF81B30039CDA064E
:1045400058BF43F02003CB72E770CB7ADB06ACD5C3
:10455000169A2A9B9A42A8D02078FFF76DFA014656
:104560002046FDF7EDFD0146C8B12046FDF798FF56
:10457000044600287FF45CAF039890F86D302E2B32
:1045800093D12A9A00F16C01FDF7E6FD039BDF70E1
:104590008BE704287FF44CAFB6E7062448E70224F3
:1045A00046E7112447E700007F2810B501D880B204
:1045B00010BDB0F5803F13D240F2523399420FD173
:1045C0000849002231F8024B93B2844203D103F12F
:1045D0008000C0B2ECE70132802AF3D11346F6E73F
:1045E0000020E5E7DC9700087F280DD940F2523320
:1045F000994208D1FF2806D800F10040034B8038CB
:1046000033F8100070470020704700BFDC970008A7
:10461000B0F5803FF0B522D21F4A83B21F49B0F5F2
:10462000805F28BF0A46141D34F8042C2146AAB125
:10463000934213D334F8025C2E0AEFB252FA85F596
:10464000A84222DA082E09D8DFE806F0050A10127F
:104650001416181A1C00801A34F810301846F0BDD1
:10466000981A00F001001B1A9BB2F7E7103BFBE71A
:10467000203BF9E7303BF7E71A3BF5E70833F3E770
:10468000503BF1E7A3F5E353EEE70434002ECBD122
:1046900001EB4702C7E700BF2C95000820970008F0
:1046A00008B5074B074A196801F03D019960536846
:1046B0000BB190689847BDE8084003F0D1B800BF3F
:1046C000000002405446002008B5084B19688909CB
:1046D00001F03D018A019A60054AD3680BB1106967
:1046E0009847BDE8084003F0BBB800BF0000024097
:1046F0005446002008B5084B1968090C01F03D012B
:104700000A049A60054A53690BB190699847BDE85D
:10471000084003F0A5B800BF000002405446002046
:1047200008B5084B1968890D01F03D018A059A60AA
:10473000054AD3690BB1106A9847BDE8084003F0F9
:104740008FB800BF000002405446002008B5074B58
:10475000074A596801F03D01D960536A0BB1906A6C
:104760009847BDE8084003F07BB800BF0000024056
:104770005446002008B5084B5968890901F03D01ED
:104780008A01DA60054AD36A0BB1106B9847BDE81D
:10479000084003F065B800BF000002405446002006
:1047A00008B5084B5968090C01F03D010A04DA60AC
:1047B000054A536B0BB1906B9847BDE8084003F076
:1047C0004FB800BF000002405446002008B5084B17
:1047D0005968890D01F03D018A05DA60054AD36BFD
:1047E0000BB1106C9847BDE8084003F039B800BF22
:1047F000000002405446002008B5074B074A1968DC
:1048000001F03D019960536C0BB1906C9847BDE885
:10481000084003F025B800BF0004024054460020C1
:1048200008B5084B1968890901F03D018A019A60B1
:10483000054AD36C0BB1106D9847BDE8084003F0F2
:104840000FB800BF000402405446002008B5084BD2
:104850001968090C01F03D010A049A60054A536D7C
:104860000BB1906D9847BDE8084002F0F9BF00BF5A
:10487000000402405446002008B5084B1968890D11
:1048800001F03D018A059A60054AD36D0BB1106EA7
:104890009847BDE8084002F0E3BF00BF00040240B3
:1048A0005446002008B5074B074A596801F03D01FE
:1048B000D960536E0BB1906E9847BDE8084002F086
:1048C000CFBF00BF000402405446002008B5084B8B
:1048D0005968890901F03D018A01DA60054AD36E01
:1048E0000BB1106F9847BDE8084002F0B9BF00BF98
:1048F000000402405446002008B5084B5968090CD2
:1049000001F03D010A04DA60054A536F0BB1906F64
:104910009847BDE8084002F0A3BF00BF0004024072
:104920005446002008B5084B5968890D01F03D0137
:104930008A05DA60054AD36F13B1D2F88000984730
:10494000BDE8084002F08CBF00040240544600203D
:1049500000230C4910B51A460B4C0B6054F8230089
:10496000026001EB430004334260402BF6D1074A5A
:104970004FF0FF339360D360C2F80834C2F80C34B0
:1049800010BD00BF54460020DC9800080000024023
:104990000F28F8B510D9102810D0112811D01228DE
:1049A00008D10F240720DFF8C8E00126DEF8005008
:1049B000A04208D9002653E00446F4E70F24002063
:1049C000F1E70724FBE706FA00F73D424AD1264CFF
:1049D0004FEA001C3D4304EB00160EEBC000CEF87E
:1049E0000050C0E90123FBB273B12048D0F8D830A1
:1049F00043F00103C0F8D830D0F8003143F0010390
:104A0000C0F80031D0F8003117F47F4F0ED01748AE
:104A1000D0F8D83043F00203C0F8D830D0F80031D5
:104A200043F00203C0F80031D0F8003154F80C0014
:104A3000036823F01F030360056815F00105FBD12F
:104A400004EB0C033D2493F80CC05F6804FA0CF4EB
:104A50003C6021240560446112B1987B00F00AFD9E
:104A60003046F8BD0130A3E7DC9800080044025846
:104A70005446002010B5302484F31188FFF788FFD6
:104A8000002383F3118810BD10B50446807B00F02D
:104A900007FD01231549627B03FA02F20B6823EA42
:104AA0000203DAB20B6072B9114AD2F8D81021F0C1
:104AB0000101C2F8D810D2F8001121F00101C2F8AA
:104AC0000011D2F8002113F47F4F0ED1084BD3F818
:104AD000D82022F00202C3F8D820D3F8002122F017
:104AE0000202C3F80021D3F8003110BD5446002063
:104AF0000044025808B5302383F31188FFF7C4FF40
:104B0000002383F3118808BD836CC26A8B4250680E
:104B100010B506D95A1E4C0002EB4103B3FBF4F367
:104B2000184410BD01F001038A0748BF43F0020397
:104B30004A0748BF43F008030A0748BF43F004038D
:104B4000CA0648BF43F010038A06426B48BF43F0D1
:104B5000200313434363704710B5074C204601F010
:104B60000BF8064B0022C4E91023054BA364054B48
:104B7000E363054BE36410BDD846002000240248DF
:104B800000B4C4042C4700202C490020C36A0BB990
:104B9000104BC3620379012B11D10F4B98420ED1F8
:104BA0000E4BD3F8DC2042F40072C3F8DC20D3F8BB
:104BB000042142F40072C3F80421D3F80431436C99
:104BC00000221A65DA621A605A605A624FF0FF32A8
:104BD0009A637047DC990008D846002000440258C8
:104BE0000379012B1BD0436C00221A65DA621A602C
:104BF0005A605A624FF0FF329A63094B98420ED1C5
:104C0000084BD3F8DC2022F40072C3F8DC20D3F880
:104C1000042122F40072C3F80421D3F80431704750
:104C2000D84600200044025810B5446C0649FFF7EE
:104C30006BFF6060236842F2107043F0030323604F
:104C4000BDE8104001F09EBD801A06000129F8B5AC
:104C5000466C0B4F09D175680A493D40FFF754FF78
:104C6000054345F480557560F8BD746806493C40BD
:104C7000FFF74AFF044344F480547460F4E700BF34
:104C800000ECFFFF80F0FA0240787D01436C0022C7
:104C90005A601A6070470000426C0129536823F47F
:104CA000404304D0022905D001B95360704743F452
:104CB0008043FAE743F40043F7E70000436C41F414
:104CC00080519A60D9605A6B1206FCD580229A6393
:104CD0007047000010B541F48851446CA260E16057
:104CE000616B11F04502FBD0A26311F0040203D006
:104CF000FFF718FF012010BD616910461960FAE73F
:104D000010B541F48851446CA260E160616B11F010
:104D10004502FBD0A26311F0050203D0FFF702FFAA
:104D2000012010BD616910461960FAE773B513469A
:104D300004460E46302282F31188426CD26B32B1A7
:104D40004FF0FF314030019301F028FD019B606C72
:104D500000220265C263C262456B15F4807504D1FE
:104D600085F31188012002B070BD4FF0FF318163DF
:104D700082F31188012E06D90C21204602B0BDE82D
:104D80007040FFF7BDBF1046EDE7000073B5446CFF
:104D90000E4600250192616BA1632565E562FFF770
:104DA000C1FE012E07D9019B2A460C2102B0BDE8A5
:104DB0007040FFF7A5BF02B070BD000010B541F410
:104DC0009851446CA260E160616B11F04502FBD028
:104DD000A26311F03F0203D0FFF7A4FE012010BD33
:104DE000216A10461960E1695960A1699960616999
:104DF000D960F4E72DE9F74304460191006D01A95C
:104E00001746984602F054FC064600284AD0626CC9
:104E10002046DDF804905568C5F3090501356B009F
:104E2000A56CB5FBF3F54FF47A73B5FBF3F55D4371
:104E3000556200F067FE50BB636C4FF0FF320125F6
:104E40004146C3F8589020461D659A634FF4957209
:104E5000DA6342F207029F62DA62E36C0A9AFFF7B2
:104E60004FFFA0B9E26C104B11680B407BB929468B
:104E70002046FFF75BFF054648B92E463A460199A2
:104E8000206D02F04DFC304603B0BDE8F0833A4699
:104E90000199206D02F044FCE26C01212046FFF7ED
:104EA00075FFF0E70126EEE708E0FFFD2DE9F74387
:104EB0001F46436C01924FF47A725D68044688463F
:104EC000C5F3090501356E00856CB5FBF6F5B5FB3C
:104ED000F2F555435D6200F015FE20B1012528462C
:104EE00003B0BDE8F0837E0201A9206D324602F0D6
:104EF000DFFB05460028F1D0636C019AD4F84C9092
:104F00009A6501221A654FF0FF329A634FF4957249
:104F1000DA639E62236BDB064B4658BF4FEA482894
:104F2000012F42461BD912212046FFF7E9FEC0B9E6
:104F3000D9F80020104B13409BB9636C42F29302E6
:104F400039462046DA62E26CFFF7F0FE804640B94F
:104F500032460199206D454602F0E2FBBFE7112180
:104F6000E2E732460199206D02F0DAFBE26C394645
:104F70002046FFF70BFFB2E708E0FFFD2DE9F34104
:104F80001F46436C01924FF47A725D68044688466E
:104F9000C5F3090501356E00856CB5FBF6F5B5FB6B
:104FA000F2F555435D6200F0ADFD20B101252846C4
:104FB00002B0BDE8F0817E0201A9206D324602F008
:104FC000BDFB05460028F1D0636C019A9A65012269
:104FD0001A654FF0FF329A634FF48D72DA639E6266
:104FE000236BE66CDB06334658BF4FEA4828012F97
:104FF000424619D919212046FFF782FEB0B932681E
:105000000F4B134093B9636C42F29102394620462C
:10501000DA62E26CFFF78AFE064638B90199354636
:10502000206D02F0C7FBC2E71821E4E70199206D6B
:1050300002F0C0FBE26C39462046FFF7A7FEB6E758
:1050400008E0FFFD12F0030F2DE9F04107460C4682
:1050500015461E4617D00E44B44202D10020BDE8CA
:10506000F0810123FA6B21463846FFF71FFF002825
:10507000F5D128464FF40072F96B05F5007501343F
:10508000FCF74CFEE8E7BDE8F041FFF70FBF00007A
:1050900012F0030F2DE9F04107460C4615461E4657
:1050A00017D00E44B44202D10020BDE8F081294659
:1050B0004FF40072F86B05F50075FCF72FFE012325
:1050C000FA6B21463846FFF759FF0028EDD101342D
:1050D000E8E7BDE8F041FFF751BF0000002070474E
:1050E000302310B583F311880024436C40302146EF
:1050F000DC6301F061FB84F3118810BD0268436832
:105100001143016003B1184770470000024A136859
:1051100043F0C0031360704700100140024A136857
:1051200043F0C0031360704700440040024A136814
:1051300043F0C0031360704700500040024A1368F8
:1051400043F0C0031360704700780040064BD3F86B
:10515000E8200243C3F8E820D3F810211043C3F835
:105160001001D3F8103170470044025837B5334C62
:10517000334D204600F060FD04F11400009400233C
:105180004FF400722F4900F0FBF94FF400722E49E2
:1051900004F1380000942D4B00F074FA2C4BC4E954
:1051A00017352C4C204600F047FD04F11400009404
:1051B00000234FF40072284900F0E2F94FF4007226
:1051C000264904F138000094254B00F05BFA254B8A
:1051D000C4E91735244C204600F02EFD04F11400DC
:1051E000009400234FF40072204900F0C9F94FF4F5
:1051F00000721F4904F1380000941E4B00F042FA7F
:105200001D4BC4E917351D4C204600F015FD04F177
:10521000140000234FF400721949009400F0B0F913
:10522000184B4FF40072184904F13800009400F054
:1052300029FA164BC4E9173503B030BD30490020B8
:1052400000E1F505E04A0020E05200200D51000881
:10525000001001409C490020E04C0020E054002058
:105260001D51000800440040084A0020E04E002084
:10527000E05600202D51000800500040744A0020E4
:10528000E05000203D510008E05800200078004028
:1052900038B52F4D0446037C002918BF0D46012B5D
:1052A00011D12C4B98423BD12B4BD3F8F02042F03C
:1052B0001002C3F8F020D3F8182142F01002C3F80E
:1052C0001821D3F818312A68236EE16D03EB5203DD
:1052D000A566B3FBF2F36A68100442BF23F007002F
:1052E00003F0070343EA4003CB60AB6843F040039D
:1052F0004B60EB6843F001038B6042F4967343F01C
:1053000001030B604FF0FF330B62510505D512F01E
:10531000102219D0B2F1805F18D084F8643038BD03
:105320000E4B984205D00E4B984207D14FF4801097
:1053300001E04FF40030FFF709FFC4E7094B984242
:10534000C1D14FF08040F6E77F23E6E73F23E4E753
:10535000E499000830490020004402589C4900208C
:10536000084A0020744A00202DE9F047C66D054622
:105370003768F469210734621AD014F0080118BFA5
:105380004FF48071E20748BF41F02001A3074FF0BE
:10539000300348BF41F04001600748BF41F0800141
:1053A00083F31188281DFFF7A9FE002383F31188DA
:1053B000E2050AD5302383F311884FF48061281D5C
:1053C000FFF79CFE002383F311884FF030094FF064
:1053D000000A14F0200838D13B0616D54FF03009EA
:1053E00005F1380A200610D589F31188504600F0DF
:1053F0007DF9002836DA0821281DFFF77FFE27F007
:1054000080033360002383F31188790614D5620684
:1054100012D5302383F31188D5E913239A4208D19A
:105420002B6C33B127F040071021281DFFF766FED3
:105430003760002383F31188E30618D5AA6E136939
:10544000ABB15069BDE8F047184789F31188736A1A
:10545000284695F86410194000F008FC8AF311887A
:10546000F469B6E7B06288F31188F469BAE7BDE879
:10547000F0870000090100F16043012203F5614358
:10548000C9B283F8001300F01F039A4043099B0040
:1054900003F1604303F56143C3F880211A6070474C
:1054A00000F01F0301229A40430900F160409B0075
:1054B00000F5614003F1604303F56143C3F88020C8
:1054C000C3F88021002380F800337047F8B51546F3
:1054D000826804460B46AA4200D28568A169266903
:1054E000761AB5420BD218462A46FCF717FCA36978
:1054F0002B44A3612846A3685B1BA360F8BD0CD9AD
:10550000AF1B18463246FCF709FC3A46E1683044C6
:10551000FCF704FCE3683B44EBE718462A46FCF73B
:10552000FDFBE368E5E7000083689342F7B50446B6
:10553000154600D28568D4E90460361AB5420BD20C
:105540002A46FCF7EBFB63692B4463612846A3689A
:105550005B1BA36003B0F0BD0DD93246AF1B0191B8
:10556000FCF7DCFB01993A46E0683144FCF7D6FBD6
:10557000E3683B44E9E72A46FCF7D0FBE368E4E74D
:1055800010B50A440024C361029B8460C1600261BB
:105590000362C0E90000C0E9051110BD08B5D0E9FB
:1055A0000532934201D1826882B9826801328260F9
:1055B0005A1C426119700021D0E904329A4224BF7A
:1055C000C368436101F012F9002008BD4FF0FF30BD
:1055D000FBE7000070B5302304460E4683F31188C4
:1055E000A568A5B1A368A269013BA360531CA36190
:1055F00015782269934224BFE368A361E3690BB184
:1056000020469847002383F31188284607E0314657
:10561000204601F0DBF80028E2DA85F3118870BD3E
:105620002DE9F74F04460E4617469846D0F81C90D1
:105630004FF0300A8AF311884FF0000B154665B120
:105640002A4631462046FFF741FF034660B94146EE
:10565000204601F0BBF80028F1D0002383F3118825
:10566000781B03B0BDE8F08FB9F1000F03D00190B3
:105670002046C847019B8BF31188ED1A1E448AF31C
:105680001188DCE7C160C361009B82600362C0E9EE
:1056900005111144C0E9000001617047F8B50446E6
:1056A0000D461646302383F31188A768A7B1A36877
:1056B000013BA36063695A1C62611D70D4E9043226
:1056C0009A4224BFE3686361E3690BB120469847BF
:1056D000002080F3118807E03146204601F076F87B
:1056E0000028E2DA87F31188F8BD0000D0E905232D
:1056F00010B59A4201D182687AB9826800210132DC
:1057000082605A1C82611C7803699A4224BFC36874
:10571000836101F06BF8204610BD4FF0FF30FBE7CE
:105720002DE9F74F04460E4617469846D0F81C90D0
:105730004FF0300A8AF311884FF0000B154665B11F
:105740002A4631462046FFF7EFFE034660B9414640
:10575000204601F03BF80028F1D0002383F31188A4
:10576000781B03B0BDE8F08FB9F1000F03D00190B2
:105770002046C847019B8BF31188ED1A1E448AF31B
:105780001188DCE70379052B05BF836A002001201F
:105790004B6004BF4FF400730B60704770B55D1E23
:1057A000866A04460D44B54205D9436B43F0800335
:1057B0004363012070BD06250571FFF743FC0523F7
:1057C0002371F7E770B55D1E866A04460D44B54245
:1057D00005D9436B43F080034363012070BD072567
:1057E0000571FFF755FC05232371F7E738B50579F7
:1057F0000446052D05D108230371FFF76FFC2571C1
:1058000038BD0120FCE700000323F0B5037185B02B
:105810000446FFF709FA002220461146FFF74EFA28
:105820004FF4D57203AB08212046FFF769FA024610
:10583000B8B901232363039BC3F30323012B09D1CD
:1058400003AB37212046FFF75BFA18B9A44B039A44
:105850001340ABB120460125FFF718FA022323714C
:1058600037E103AB002237212046FFF749FA28B978
:105870009B4A039B1A40002A00F0A780022323635F
:10588000236B03F00F03022B40F0A9806425954E93
:1058900042F2107000F076FF03AB32460121204641
:1058A000FFF718FA0028D5D1039B002B80F29380D4
:1058B0005A0003D5236B43F010032363002204F145
:1058C000080302212046FFF779FA02460028C1D1D9
:1058D00004F1380303212046FFF712FA0028B9D15A
:1058E00004F11805A26B092120462B46FFF766FA42
:1058F0000028AFD102ABA26B07212046FFF700FAC8
:1059000006460028A6D1236B03F00F03022B40F0BC
:105910008F807E227F21284603F01EFA012840F264
:105920008780E76B42F2107000F02CFF08234FF4E1
:105930000072394620460096FFF75CFA002889D1AC
:10594000384603F057FA236BA06203F00F03022BD3
:1059500072D103AB644A06212046FFF7D1F9002833
:1059600071D15F49039B1940B1FA81F14909204681
:10597000FFF76CF902AB4FF4007210212046FFF7DD
:10598000BFF9054600287FF465AF554E029B3342B0
:105990007FF460AF236B13F00E0F03F00F0273D090
:1059A000022A7FF457AFE36A1978012900F0948046
:1059B000022900F09380002900F089804B4F204697
:1059C000FFF76AF903AB3A4676E0114620462263B8
:1059D000FFF774F954E7013D7FF45AAF3AE7444DBD
:1059E0006426444A3E4F012B18BF154603AB0022E4
:1059F00037212046FFF784F900287FF42BAF039B63
:105A00003B427FF427AF03AB2A4629212046FFF70C
:105A100061F900287FF41EAF039B002BFFF648AF0F
:105A2000013E3FF417AF42F2107000F0ABFEDDE72D
:105A3000284603F0B3F986E77E227F212846E66BED
:105A400003F08AF908B9002191E70023402231468A
:105A5000204600930623FFF7CDF90028F3D1B38940
:105A60005BBA9B07EFD5244B40223146204600937A
:105A70000623FFF7BFF90028E5D1317C01F00F01C3
:105A80000F3918BF012172E7E36A1978F9B10129CA
:105A90007FF4E0AE2046FFF7FFF803ABA26B37219F
:105AA0002046FFF72DF900287FF4D4AE039B334244
:105AB0007FF4D0AE03AB022206212046FFF720F987
:105AC00000287FF4C7AE039B33427FF4C3AE0523A7
:105AD0002371284605B0F0BD084F70E7084F6EE708
:105AE00008E0FFFD0080FFC00001B9030000B7031C
:105AF0000080FF5000001080F1FFFF800001B7031D
:105B00000002B70337B504460C4D01ABA26B0D2163
:105B10002046FFF7F5F878B9019B2B420BD1C3F370
:105B20004323042B08D0053B022B04D84FF47A7092
:105B300000F028FEE9E7012003B030BD08E0FFFDDA
:105B400070B53023054683F3118803790024022BB6
:105B500003D184F31188204670BD0423037184F3BC
:105B600011880226FFF7CEFF04462846FFF78EF87D
:105B70002E71F0E7FEF7F0BF044B036001230371C1
:105B800000234363C0E90A33704700BFFC99000853
:105B900010B53023044683F31188C162FEF7F6FF87
:105BA00002230020237180F3118810BD10B530232B
:105BB000044683F31188FFF713F800230122E36200
:105BC000227183F3118810BD02684368114301609C
:105BD00003B11847704700001430FFF721BD0000E3
:105BE0004FF0FF331430FFF71BBD00003830FFF7D4
:105BF00097BD00004FF0FF333830FFF791BD000034
:105C00001430FFF7E7BC00004FF0FF311430FFF70E
:105C1000E1BC00003830FFF741BD00004FF0FF321B
:105C20003830FFF73BBD0000012914BF6FF01300AF
:105C300000207047FFF79ABA044B036000234360CB
:105C4000C0E9023301230374704700BF209A0008A3
:105C500010B53023044683F31188FFF719FB0223A4
:105C60000020237480F3118810BD000038B5C3698B
:105C700004460D461BB904210844FFF7A5FF294639
:105C800004F11400FFF78AFC002806DA201D4FF407
:105C90000061BDE83840FFF797BF38BD0268436830
:105CA0001143016003B118477047000013B5406B02
:105CB00000F58054D4F8A4381A681178042914D156
:105CC000017C022911D11979012312898B401342D9
:105CD0000BD101A94C3002F06DFFD4F8A448024664
:105CE000019B2179206800F0DFF902B010BD0000AF
:105CF000143002F0EFBE00004FF0FF33143002F01A
:105D0000E9BE00004C3002F0C1BF00004FF0FF338D
:105D10004C3002F0BBBF0000143002F0BDBE0000EA
:105D20004FF0FF31143002F0B7BE00004C3002F0EB
:105D30008DBF00004FF0FF324C3002F087BF0000F3
:105D40000020704710B500F58054D4F8A4381A68C4
:105D50001178042917D1017C022914D15979012322
:105D600052898B4013420ED1143002F04FFE02468E
:105D700048B1D4F8A4484FF4407361792068BDE875
:105D8000104000F07FB910BD406BFFF7DBBF000093
:105D9000704700007FB5124B0125042604460360BE
:105DA0000023057400F1840243602946C0E90233F0
:105DB0000C4B0290143001934FF44073009602F0A4
:105DC00001FE094B04F69442294604F14C0002946A
:105DD000CDE900634FF4407302F0C8FE04B070BD1B
:105DE000489A0008895D0008AD5C00080A68302305
:105DF00083F311880B790B3342F823004B7913336B
:105E000042F823008B7913B10B3342F8230000F5DD
:105E10008053C3F8A41802230374002080F3118870
:105E20007047000038B5037F044613B190F8543032
:105E3000ABB90125201D0221FFF730FF04F114004A
:105E40006FF00101257700F0DDFC04F14C0084F8CF
:105E500054506FF00101BDE8384000F0D3BC38BDAC
:105E600010B5012104460430FFF718FF0023237703
:105E700084F8543010BD000038B5044600251430B5
:105E800002F0B8FD04F14C00257702F087FE201DDA
:105E900084F854500121FFF701FF2046BDE8384047
:105EA000FFF750BF90F8803003F06003202B06D13D
:105EB00090F881200023212A03D81F2A06D8002029
:105EC0007047222AFBD1C0E91D3303E0034A426731
:105ED00007228267C3670120704700BF5422002059
:105EE00037B500F58055D5F8A4381A68117804291B
:105EF0001AD1017C022917D11979012312898B400B
:105F0000134211D100F14C04204602F007FF58B1B2
:105F100001A9204602F04EFED5F8A4480246019B96
:105F20002179206800F0C0F803B030BD01F10B0307
:105F3000F0B550F8236085B004460D46FEB130231D
:105F400083F3118804EB8507301D0821FFF7A6FEB7
:105F5000FB6806F14C005B691B681BB1019002F005
:105F600037FE019803A902F025FE024648B1039BC3
:105F70002946204600F098F8002383F3118805B0E5
:105F8000F0BDFB685A691268002AF5D01B8A013BF4
:105F90001340F1D104F18002EAE70000133138B573
:105FA00050F82140ECB1302383F3118804F580537D
:105FB000D3F8A4281368527903EB8203DB689B694A
:105FC0005D6845B104216018FFF768FE294604F1B9
:105FD000140002F025FD2046FFF7B4FE002383F3F2
:105FE000118838BD7047000001F038BD0123402200
:105FF000002110B5044600F8303BFBF7B5FE002346
:10600000C4E9013310BD000010B53023044683F30A
:1060100011882422416000210C30FBF7A5FE2046A8
:1060200001F03EFD02230020237080F3118810BD93
:1060300070B500EB8103054650690E461446DA60E0
:1060400018B110220021FBF78FFEA06918B11022B1
:106050000021FBF789FE31462846BDE8704001F07B
:1060600025BE000083682022002103F0011310B533
:10607000044683601030FBF777FE2046BDE81040F1
:1060800001F0A0BEF0B4012500EB810447898D40EA
:10609000E4683D43A469458123600023A2606360F6
:1060A000F0BC01F0BDBE0000F0B4012500EB81049E
:1060B00007898D40E4683D436469058123600023BE
:1060C000A2606360F0BC01F033BF000070B5022332
:1060D00000250446242203702946C0F888500C305D
:1060E00040F8045CFBF740FE204684F8705001F055
:1060F00071FD63681B6823B129462046BDE87040E6
:10610000184770BD0378052B10B504460AD080F8F7
:106110008C300523037043681B680BB1042198473A
:106120000023A36010BD00000178052906D190F876
:106130008C20436802701B6803B118477047000049
:1061400070B590F87030044613B1002380F87030B9
:1061500004F18002204601F059FE63689B68B3B9E0
:1061600094F8803013F0600535D00021204602F00D
:106170004BF90021204602F03BF963681B6813B11C
:10618000062120469847062384F8703070BD2046CB
:1061900098470028E4D0B4F88630A26F9A4288BFAE
:1061A000A36794F98030A56F002B4FF0300380F285
:1061B0000381002D00F0F280092284F8702083F31F
:1061C000118800212046D4E91D23FFF76DFF00232D
:1061D00083F31188DAE794F8812003F07F0343EA20
:1061E000022340F20232934200F0C58021D8B3F579
:1061F000807F48D00DD8012B3FD0022B00F0938038
:10620000002BB2D104F1880262670222A267E36721
:10621000C1E7B3F5817F00F09B80B3F5407FA4D147
:1062200094F88230012BA0D1B4F8883043F00203F7
:1062300032E0B3F5006F4DD017D8B3F5A06F31D071
:10624000A3F5C063012B90D86368204694F88220A0
:106250005E6894F88310B4F88430B047002884D086
:10626000436863670368A3671AE0B3F5106F36D01D
:1062700040F6024293427FF478AF5C4B636702239F
:10628000A3670023C3E794F88230012B7FF46DAF3E
:10629000B4F8883023F00203A4F88830C4E91D550F
:1062A000E56778E7B4F88030B3F5A06F0ED194F8C5
:1062B0008230204684F88A3001F0EAFC63681B686B
:1062C00013B1012120469847032323700023C4E91A
:1062D0001D339CE704F18B0363670123C3E7237835
:1062E000042B10D1302383F311882046FFF7BAFE28
:1062F00085F311880321636884F88B5021701B6833
:106300000BB12046984794F88230002BDED084F8F9
:106310008B300423237063681B68002BD6D00221C6
:1063200020469847D2E794F8843020461D0603F0B3
:106330000F010AD501F05CFD012804D002287FF48A
:1063400014AF2B4B9AE72B4B98E701F043FDF3E793
:1063500094F88230002B7FF408AF94F8843013F067
:106360000F01B3D01A06204602D502F065F8ADE75A
:1063700002F056F8AAE794F88230002B7FF4F5AECD
:1063800094F8843013F00F01A0D01B06204602D5EC
:1063900002F03AF89AE702F02BF897E7142284F813
:1063A000702083F311882B462A4629462046FFF7A2
:1063B00069FE85F31188E9E65DB1152284F8702045
:1063C00083F3118800212046D4E91D23FFF75AFEEC
:1063D000FDE60B2284F8702083F311882B462A46B1
:1063E00029462046FFF760FEE3E700BF789A0008E1
:1063F000709A0008749A000838B590F87030044616
:10640000002B3ED0063BDAB20F2A34D80F2B32D8FD
:10641000DFE803F0373131082232313131313131A7
:1064200031313737856FB0F886309D4214D2C3685A
:106430001B8AB5FBF3F203FB12556DB9302383F3CE
:1064400011882B462A462946FFF72EFE85F3118830
:106450000A2384F870300EE0142384F8703030235F
:1064600083F31188002320461A461946FFF70AFED7
:10647000002383F3118838BDC36F03B1984700230D
:10648000E7E70021204601F0BFFF0021204601F090
:10649000AFFF63681B6813B10621204698470623A7
:1064A000D7E7000010B590F870300446142B29D0BF
:1064B00017D8062B05D001D81BB110BD093B022B04
:1064C000FBD80021204601F09FFF0021204601F06B
:1064D0008FFF63681B6813B1062120469847062387
:1064E00019E0152BE9D10B2380F87030302383F3AA
:1064F000118800231A461946FFF7D6FD002383F3BF
:106500001188DAE7C3689B695B68002BD5D1C36F3C
:1065100003B19847002384F87030CEE700238268E7
:1065200080F8243083691B6899689142FBD25A68CD
:10653000036042601060586070470000002382686A
:1065400080F8243083691B6899689142FBD85A68A7
:1065500003604260106058607047000008B508464C
:10656000302383F3118891F82430032B05D0042BBA
:106570000DD02BB983F3118808BD8B6A00221A60F5
:106580004FF0FF338362FFF7C9FF0023F2E7D1E941
:10659000003213605A60F3E7034610B51B68984257
:1065A00003D09C688A689442F8D25A680B604A60AB
:1065B0001160596010BD0000FFF7B0BF064BD968ED
:1065C00081F824001868026853601A600122D860BC
:1065D00080F82420F9F716BFE05A00200C4B30B5A4
:1065E000DD684B1C87B004460FD02B46094A68462D
:1065F00000F09CF92046FFF7E1FF009B13B16846CD
:1066000000F09EF9A86A07B030BDFFF7D7FFF9E7A1
:10661000E05A00205D650008044B1A68DB6890684A
:106620009B68984294BF002001207047E05A0020E8
:10663000094B10B51C68D868226853601A600122A3
:10664000DC6084F82420FFF779FF01462046BDE88E
:106650001040F9F7D7BE00BFE05A0020044B1A687B
:10666000DB6892689B689A4201D9FFF7E1BF7047E7
:10667000E05A002038B50123084C002523706560DE
:1066800002F0E6FB02F00CFC0549064802F0E2FCD1
:106690000223237085F3118838BD00BF885D002078
:1066A000809A0008E05A002000F080B9034A51683F
:1066B00053685B1A9842FBD8704700BF001000E097
:1066C0008B604B630023CA6100F128020B63022335
:1066D0000A618B840123886181F8263001F110035F
:1066E000C26A4A611360C36201F12C030846CB629F
:1066F00070470000D0E90131026841F8183CA1F16F
:106700009C033839CB60036941F8243C436941F864
:10671000203C034B41F8043CC3680248FFF7D0BF5C
:106720001D040008E05A002008B5FFF7E3FFBDE8AC
:106730000840FFF741BF000038B50E4BDC6804F19C
:106740002C05A062E06AA8420FD194F826303BB92C
:1067500094F825309B0702BFD4E9043213605A60D5
:106760000F20BDE83840FFF729BF0368E362FFF759
:1067700023FFE7E7E05A0020302383F31188FFF777
:10678000DBBF000008B50146302383F311880820E1
:10679000FFF724FF002383F3118808BD054BDB6856
:1067A00021B1036098620320FFF718BF4FF0FF305C
:1067B000704700BFE05A002003682BB1002202603E
:1067C00018469962FFF7F8BE70470000064BDB6879
:1067D00039B1426818605A60136043600420FFF7C3
:1067E000FDBE4FF0FF307047E05A0020036898422A
:1067F00006D01A680260506018469962FFF7DCBE46
:106800007047000038B504460D462068844200D128
:1068100038BD036823605C608562FFF7CDFEF4E756
:10682000036810B59C68A2420CD85C688A600B6053
:106830004C602160596099688A1A9A604FF0FF3362
:10684000836010BD121B1B68ECE700000A2938BFEB
:106850000A2170B504460D460A26601902F0F2FAC4
:1068600002F0DAFA041BA54203D8751C04462E4632
:10687000F3E70A2E04D90120BDE8704002F0B2BC53
:1068800070BD0000F8B5144B0D460A2A4FF00A07F8
:10689000D96103F11001826038BF0A224160196991
:1068A0001446016048601861A81802F0BBFA02F0B3
:1068B000B3FA431B0646A34206D37C1C281927467D
:1068C000354602F0BFFAF2E70A2F04D90120BDE8ED
:1068D000F84002F087BCF8BDE05A0020F8B5064643
:1068E0000D4602F099FA0F4A134653F8107F9F4263
:1068F00006D12A4601463046BDE8F840FFF7C2BF40
:10690000D169BB68441A2C1928BF2C46A34202D96E
:106910002946FFF79BFF224631460348BDE8F84071
:10692000FFF77EBFE05A0020F05A0020C0E90323A1
:10693000002310B45DF8044B4361FFF7CFBF0000A4
:1069400010B5194C236998420DD08168D0E9003206
:1069500013605A609A680A449A60002303604FF0FB
:10696000FF33A36110BD0268234643F8102F536024
:106970000022026022699A4203D1BDE8104002F071
:106980005BBA936881680B44936002F045FA226910
:10699000E1699268441AA242E4D91144BDE810406A
:1069A000091AFFF753BF00BFE05A00202DE9F04756
:1069B000DFF8BC8008F110072C4ED8F8105002F018
:1069C0002BFAD8F81C40AA68031B9A423ED81444FC
:1069D0004FF00009D5E90032C8F81C4013605A6036
:1069E000C5F80090D8F81030B34201D102F024FA73
:1069F00089F31188D5E9033128469847302383F37A
:106A000011886B69002BD8D002F006FA6A69A0EBF6
:106A1000040982464A450DD2022002F0E3FB00221F
:106A2000D8F81030B34208D151462846BDE8F047A7
:106A3000FFF728BF121A2244F2E712EB0909294690
:106A4000384638BF4A46FFF7EBFEB5E7D8F81030B6
:106A5000B34208D01444C8F81C00211AA960BDE84C
:106A6000F047FFF7F3BEBDE8F08700BFF05A002003
:106A7000E05A002038B502F0CFF9054AD2E90845BE
:106A8000031B181945F10001C2E9080138BD00BF18
:106A9000E05A002010B560B9074804790368053C46
:106AA0009B6818BF0124984708B144F004042046AD
:106AB00010BD0124FBE700BFD8460020FFF7EABF66
:106AC0002DE9F047884617469A460446B0B90D4E60
:106AD0003579052D05D003240DE0013D15F0FF05A6
:106AE0000ED03268534639463046D2F814904246AA
:106AF000C8470028F1D12046BDE8F0870424FAE712
:106B00000124F8E7D84600202DE9F04788461746CB
:106B10009A460446B0B90D4E3579052D05D00324AB
:106B20000DE0013D15F0FF050ED0326853463946A1
:106B30003046D2F818904246C8470028F1D1204686
:106B4000BDE8F0870424FAE70124F8E7D8460020DE
:106B500037B50C46154670B951B101290BD107481C
:106B6000694603681B6A984710B9019B04462B606D
:106B7000204603B030BD0424FAE700BFD846002009
:106B800000207047FEE70000704700004FF0FF3024
:106B9000704700004B6843608B688360CB68C360BC
:106BA0000B6943614B6903628B6943620B68036045
:106BB0007047000008B53C4B40F2FF713B48D3F8EA
:106BC00088200A43C3F88820D3F8882022F4FF6283
:106BD00022F00702C3F88820D3F88820D3F8E020F9
:106BE0000A43C3F8E020D3F808210A43C3F8082178
:106BF0002F4AD3F808311146FFF7CCFF00F580602B
:106C000002F11C01FFF7C6FF00F5806002F13801B8
:106C1000FFF7C0FF00F5806002F15401FFF7BAFFF3
:106C200000F5806002F17001FFF7B4FF00F58060AD
:106C300002F18C01FFF7AEFF00F5806002F1A801C0
:106C4000FFF7A8FF00F5806002F1C401FFF7A2FF83
:106C500000F5806002F1E001FFF79CFF00F5806025
:106C600002F1FC01FFF796FF02F58C7100F58060E0
:106C7000FFF790FF01F078FC0E4BD3F8902242F022
:106C80000102C3F89022D3F8942242F00102C3F823
:106C900094220522C3F898204FF06052C3F89C203C
:106CA000054AC3F8A02008BD00440258000002585D
:106CB000949A000800ED00E01F00080308B501F0F9
:106CC0006DFEFFF7D7FC104BD3F8DC2042F04002FA
:106CD000C3F8DC20D3F8042122F04002C3F80421D9
:106CE000D3F80431094B1A6842F008021A601A6896
:106CF00042F004021A6000F065FD00F03FFBBDE8C1
:106D0000084000F0B5B800BF00440258001802481F
:106D100001207047002070477047000002290CD006
:106D2000032904D00129074818BF00207047032A0F
:106D300005D8054800EBC2007047044870470020A2
:106D4000704700BF909C000864220020449C00080B
:106D500070B59AB005460846144601A900F0C2F87D
:106D600001A8FAF7F9FF431C0022C6B25B001046E7
:106D7000C5E9003423700323023404F8013C01AB5D
:106D8000D1B202348E4201D81AB070BD13F8011B83
:106D9000013204F8010C04F8021CF1E708B53023B5
:106DA00083F311880348FFF79BF8002383F31188CE
:106DB00008BD00BF905D002090F8803003F01F02F6
:106DC000012A07D190F881200B2A03D10023C0E9C2
:106DD0001D3315E003F06003202B08D1B0F8843098
:106DE0002BB990F88120212A03D81F2A04D8FFF755
:106DF00059B8222AEBD0FAE7034A42670722826792
:106E0000C3670120704700BF5B22002007B505293A
:106E100017D8DFE801F0191603191920302383F37E
:106E20001188104A01210190FFF702F9019802210F
:106E30000D4AFFF7FDF80D48FFF71EF8002383F316
:106E4000118803B05DF804FB302383F311880748F1
:106E5000FEF7E8FFF2E7302383F311880348FEF7DB
:106E6000FFFFEBE7E49B0008089C0008905D002012
:106E700038B50C4D0C4C2A460C4904F10800FFF7BC
:106E800067FF05F1CA0204F110000949FFF760FF2E
:106E900005F5CA7204F118000649BDE83840FFF74D
:106EA00057BF00BF6876002064220020C89B0008FE
:106EB000CE9B0008D99B000870B5044608460D46D5
:106EC000FAF74AFFC6B22046013403780BB91846D8
:106ED00070BD32462946FAF72BFF0028F3D1012076
:106EE000F6E700002DE9F84F05460C46FAF734FFA7
:106EF0002B49C6B22846FFF7DFFF2A492846FFF78D
:106F0000DBFF08B11036F6B2632E0DD8DFF89080A3
:106F1000DFF89090244FDFF898A0DFF898B02E7833
:106F200046B92670BDE8F88F29462046BDE8F84FDF
:106F300002F002BA252E2ED1072241462846FAF742
:106F4000F7FE70B9DBF800300735073444F8073C2A
:106F5000BBF8043024F8033C9BF8063004F8013CED
:106F6000DDE7082249462846FAF7E2FE98B9A21C56
:106F70000E4B197802320909C95D02F8041C13F896
:106F8000011B01F00F015345C95D02F8031CF0D14C
:106F900018340835C3E7013504F8016BBFE700BFBB
:106FA000B09C0008D99B0008C09C000800E8F11FB5
:106FB0000CE8F11FB89C0008BFF34F8F044B1A690F
:106FC0005107FCD1D3F810215207F8D1704700BF08
:106FD0000020005208B50D4B1B78ABB9FFF7ECFF52
:106FE0000B4BDA68D10704D50A4A5A6002F188329D
:106FF0005A60D3F80C21D20706D5064AC3F80421FB
:1070000002F18832C3F8042108BD00BFC678002011
:10701000002000522301674508B5114B1B78F3B9D6
:10702000104B1A69510703D5DA6842F04002DA6062
:10703000D3F81021520705D5D3F80C2142F04002B5
:10704000C3F80C21FFF7B8FF064BDA6842F00102E3
:10705000DA60D3F80C2142F00102C3F80C2108BD1C
:10706000C6780020002000520F289ABF00F58060EB
:1070700040040020704700004FF4003070470000CB
:10708000102070470F2808B50BD8FFF7EDFF00F56B
:1070900000330268013204D104308342F9D1012067
:1070A00008BD0020FCE700000F2838B505463FD892
:1070B000FFF782FF1F4CFFF78DFF4FF0FF330728CC
:1070C0006361C4F814311DD82361FFF775FF030213
:1070D00043F02403E360E36843F08003E360236943
:1070E0005A07FCD42846FFF767FFFFF7BDFF4FF4B0
:1070F000003100F0B9FA2846FFF78EFFBDE83840AE
:10710000FFF7C0BFC4F81031FFF756FFA0F1080326
:107110001B0243F02403C4F80C31D4F80C3143F0C3
:107120008003C4F80C31D4F810315B07FBD4D9E7E5
:10713000002038BD002000522DE9F84F04460D46CE
:10714000104644EA0203DE0602D00020BDE8F88FB4
:1071500020F01F00DFF8D4B0DFF8D4A0FFF73AFF2B
:1071600005EB0008454503D10120FFF755FFEDE78A
:1071700020222946204602F0A7F810B920342035F5
:10718000F0E7234604F120021F68791CDDD10433A7
:107190009342F9D104F178432048214EB3F5801F82
:1071A000204B38BF184603F1F80332BFD946D14609
:1071B0001E46FFF701FF0760A4EB050C336805F1DD
:1071C0001C0143F0020333602B1FD9F8007017F045
:1071D0000507FAD153F8042F8B424CF80320F4D161
:1071E000BFF34F8FFFF7E8FE4FF0FF3303603368C4
:1071F00023F002033360BFF34F8F0B4BC3F85C42A5
:10720000BFF34F8FBFF36F8F20222946204602F035
:107210005BF80028B2D03846A7E700BF142100521F
:107220000C2000521420005200ED00E0102000520B
:107230001021005210B5084C237828B11BB9FFF774
:10724000C9FE0123237010BD002BFCD02070BDE8C7
:107250001040FFF7E1BE00BFC67800202DE9F04FD7
:107260000D4685B0814658B111F00D0614BF20229D
:10727000082211F00803019304D0431E034269D091
:10728000002435E0002E37D009F11F0121F01F093D
:107290004FF00108314F05F00403DFF8CCA005EAF8
:1072A000080BBBF1000F32D07869C0072FD408F16A
:1072B00001080C37B8F1060FF3D19EB9284D4946A5
:1072C000A819019201F00EFE0446002839D120369B
:1072D000019AA02EF3D1494601F004FE044600288D
:1072E0002FD1019A49461F4801F0FCFD044660BBBE
:1072F000204605B0BDE8F08F0029C9D101462846D7
:10730000029201F0EFFD0446D8B9029AC0E713B12A
:1073100078694107CBD5AC0702D578698007C6D517
:10732000019911B178690107C1D549460AEB4810A6
:10733000CDE9022301F0D6FD0446DDE90223002851
:10734000B5D04A460021204601E04A460021FAF71E
:107350000BFDCDE70246002E96D199E7D49C00089C
:1073600008790020C8780020E87800200021FFF785
:1073700075BF00000121FFF771BF000070B5144D0B
:107380000124144E40F2FF3200210120FAF7ECFCF8
:1073900006EB441001342A6955F80C1F01F08EFDEC
:1073A000062CF5D137254FF4C0542046FFF7E2FFF5
:1073B000014628B122460848BDE8704001F07EBD74
:1073C000C4EBC404013D4FEAD404EED170BD00BF4C
:1073D000D49C0008E8780020C87800200421FFF73A
:1073E0003DBF00004843FFF7C1BF000008B101F0F6
:1073F000EBBD7047B0F5805F10B5044607D8FFF7C6
:10740000EDFF28B92046BDE81040FFF7AFBF0020D0
:1074100010BD0000FFF7EABF70B5AAB140EA010352
:1074200013F01F030FD1094C0144A5686D0706D561
:107430002568A84203D366683544A94204D90333BA
:107440000C34122BF1D10022104670BDD49C0008E0
:1074500008B501F0CFFE034AD2E90032C01842EB72
:10746000010108BDA8790020434BD3E900232DE991
:10747000F34113437CD0FFF7EBFF404A0023002782
:10748000F8F7DAFF06460D463D4A0023F8F7D4FF29
:107490000023144630462946394AF8F7CDFF4FF409
:1074A00061613C23ADF80170B4FBF1F5B4FBF3F678
:1074B00001FB154103FB16464624B1FBF3F1314BAA
:1074C000F6B28DF8004098423CD84FF0640C4FF46F
:1074D000C87EA30704F26C7225D1B2FBFCF30CFB4F
:1074E000132313BBB2FBFEF30EFB1322B2FA82F39B
:1074F0005B0903F26D18621C8045D2B217D90FB137
:107500008DF800400022204C4FF00C0C17460CFB6D
:107510000343D4B2013213F804C084450CD8A0EB65
:107520000C000127F5E70023E3E70123E1E7A0EBE7
:10753000080014460127CCE70FB18DF80140431C29
:107540008DF802309DF80100431C9DF80000503872
:10755000400640EA43509DF8023040EA034040EACA
:10756000560040EAC52040EA411002B0BDE8F08173
:107570004FF40410F9E700BFA879002040420F0043
:107580008051010090230B001C9D00080244074B12
:10759000D2B210B5904200D110BD441C00B253F8D5
:1075A000200041F8040BE0B2F4E700BF504000585F
:1075B0000E4B30B51C6F240405D41C6F1C671C6F68
:1075C00044F400441C670A4C02442368D2B243F4DA
:1075D00080732360074B904200D130BD441C51F8AA
:1075E000045B00B243F82050E0B2F4E700440258D4
:1075F000004802585040005807B5012201A9002058
:10760000FFF7C4FF019803B05DF804FB13B504460F
:10761000FFF7F2FFA04205D0012201A9002001944A
:10762000FFF7C6FF02B010BD10B56424013C4FF453
:107630007A70FFF7A7F814F0FF04F7D1094B4FF465
:10764000801214249A6103F500534FF000429A61AE
:10765000013C4FF47A70FFF795F814F0FF04F7D16E
:1076600010BD00BF000002580144BFF34F8F064B0E
:10767000884204D3BFF34F8FBFF36F8F7047C3F8B7
:107680005C022030F4E700BF00ED00E00144BFF3EE
:107690004F8F064B884204D3BFF34F8FBFF36F8FDA
:1076A0007047C3F870022030F4E700BF00ED00E03F
:1076B000F8B50F461546044648B905F11F010126E5
:1076C000386821F01F01FFF7CFFF3046F8BD427B3D
:1076D00029463868FFF7A0FE06460028EDD13B6832
:1076E0006360A368AB4210D213B12068FFF77EFE3F
:1076F000637B28462BB1FFF771FE206020B9A060A4
:10770000E3E7FFF737FEF8E7A560206805F11F0102
:10771000012621F01F013860FFF7A6FF2673D4E78A
:1077200010B5044640B10068884205D1606808B1D0
:10773000FAF7F4FA0023237310BD0000F8B50F46E2
:107740001446054648B904F11F010126386821F0A6
:107750001F01FFF79BFF3046F8BD427B214638688A
:10776000FFF75AFE06460028EDD1AB68A34210D2BF
:1077700013B12868FFF73AFE6B7B20462BB1FFF769
:107780002DFE286020B9A860E5E7FFF7F3FDF8E7D4
:10779000AC60396819B122462868FAF7BFFA286840
:1077A00004F11F01012621F01F013860FFF76EFF71
:1077B0002E73D0E720B103688B4204BF002303730C
:1077C00070470000034B1A681AB9034AD2F8D02454
:1077D0001A607047B07900200040025808B5FFF7E2
:1077E000F1FF024B1868C0F3806008BDB07900203B
:1077F000EFF30983054968334A6B22F001024A63BB
:1078000083F30988002383F31188704700EF00E0B9
:10781000302080F3118862B60D4B0E4AD96821F4EE
:10782000E0610904090C0A430B49DA60D3F8FC2033
:1078300042F08072C3F8FC20084AC2F8B01F1168F9
:1078400041F0010111602022DA7783F822007047AD
:1078500000ED00E00003FA0555CEACC5001000E0D5
:10786000302310B583F311880E4B5B6813F400636B
:1078700014D0F1EE103AEFF309844FF08073683CB6
:10788000E361094BDB6B236684F30988FEF7C4FED2
:1078900010B1064BA36110BD054BFBE783F31188C4
:1078A000F9E700BF00ED00E000EF00E02F04000862
:1078B0003204000870B5BFF34F8FBFF36F8F1A4AC1
:1078C0000021C2F85012BFF34F8FBFF36F8F53697F
:1078D00043F400335361BFF34F8FBFF36F8FC2F890
:1078E0008410BFF34F8FD2F8803043F6E074C3F3B7
:1078F000C900C3F34E335B0103EA0406014646EABE
:1079000081750139C2F86052F9D2203B13F1200F82
:10791000F2D1BFF34F8F536943F480335361BFF308
:107920004F8FBFF36F8F70BD00ED00E0FEE70000EA
:10793000214B2248224A70B5904237D3214BC11EB9
:10794000DA1C121A22F003028B4238BF00220021F7
:10795000FAF70AFA1C4A0023C2F88430BFF34F8FAB
:10796000D2F8803043F6E074C3F3C900C3F34E335A
:107970005B0103EA0406014646EA81750139C2F853
:107980006C52F9D2203B13F1200FF2D1BFF34F8F8D
:10799000BFF36F8FBFF34F8FBFF36F8F0023C2F81A
:1079A0005032BFF34F8FBFF36F8F70BD53F8041B7E
:1079B00040F8041BC0E700BF349E0008AC7B0020E9
:1079C000AC7B0020AC7B002000ED00E0074BD3F83F
:1079D000D81021EA0001C3F8D810D3F8002122EA18
:1079E0000002C3F80021D3F8003170470044025868
:1079F00070B5D0E9244300224FF0FF359E6804EBB8
:107A000042135101D3F80009002805DAD3F8000920
:107A100040F08040C3F80009D3F8000B002805DAD5
:107A2000D3F8000B40F08040C3F8000B013263181C
:107A30009642C3F80859C3F8085BE0D24FF001132F
:107A4000C4F81C3870BD0000890141F020010161BB
:107A500003699B06FCD41220FEF728BE10B50A4C21
:107A60002046FEF7C3FA094BC4F89030084BC4F81F
:107A70009430084C2046FEF7B9FA074BC4F8903012
:107A8000064BC4F8943010BDB479002000000840C3
:107A9000589D0008507A002000000440649D0008B2
:107AA00070B503780546012B5CD1434BD0F890406C
:107AB000984258D1414B0E216520D3F8D82042F08E
:107AC0000062C3F8D820D3F8002142F00062C3F866
:107AD0000021D3F80021D3F8802042F00062C3F8DF
:107AE0008020D3F8802022F00062C3F88020D3F8F1
:107AF0008030FDF7BFFC324BE360324BC4F80038F6
:107B00000023D5F89060C4F8003EC02323604FF4F2
:107B10000413A3633369002BFCDA01230C203361C7
:107B2000FEF7C4FD3369DB07FCD41220FEF7BEFD6F
:107B30003369002BFCDA00262846A660FFF758FFC1
:107B40006B68C4F81068DB68C4F81468C4F81C6873
:107B500083BB1D4BA3614FF0FF336361A36843F008
:107B60000103A36070BD194B9842C9D1134B4FF06C
:107B70008060D3F8D82042F00072C3F8D820D3F840
:107B8000002142F00072C3F80021D3F80021D3F89D
:107B9000802042F00072C3F88020D3F8802022F0C9
:107BA0000072C3F88020D3F88030FFF70FFF0E215A
:107BB0004D209EE7064BCDE7B479002000440258E3
:107BC0004014004003002002003C30C0507A0020E6
:107BD000083C30C0F8B5D0F89040054600214FF081
:107BE00000662046FFF730FFD5F8941000234FF0D1
:107BF00001128F684FF0FF30C4F83438C4F81C28E5
:107C000004EB431201339F42C2F80069C2F8006BD3
:107C1000C2F80809C2F8080BF2D20B68D5F8902018
:107C2000C5F89830636210231361166916F01006C8
:107C3000FBD11220FEF73AFDD4F8003823F4FE639E
:107C4000C4F80038A36943F4402343F01003A36150
:107C50000923C4F81038C4F814380B4BEB604FF00C
:107C6000C043C4F8103B094BC4F8003BC4F810698A
:107C7000C4F80039D5F8983003F1100243F48013AA
:107C8000C5F89820A362F8BD349D0008408000101C
:107C9000D0F8902090F88A10D2F8003823F4FE63D0
:107CA00043EA0113C2F80038704700002DE9F84399
:107CB00000EB8103D0F890500C468046DA680FFA4A
:107CC00081F94801166806F00306731E022B05EBC6
:107CD00041134FF0000194BFB604384EC3F8101B97
:107CE0004FF0010104F1100398BF06F1805601FA2C
:107CF00003F3916998BF06F5004600293AD0578AE8
:107D000004F15801374349016F50D5F81C180B4353
:107D10000021C5F81C382B180127C3F81019A740FB
:107D20005369611E9BB3138A928B9B08012A88BFFB
:107D30005343D8F89820981842EA034301F14002CF
:107D40002146C8F89800284605EB82025360FFF7E9
:107D50007BFE08EB8900C3681B8A43EA84534834DE
:107D60001E4364012E51D5F81C381F43C5F81C78FA
:107D7000BDE8F88305EB4917D7F8001B21F4004153
:107D8000C7F8001BD5F81C1821EA0303C0E704F16B
:107D90003F030B4A2846214605EB83035A60FFF751
:107DA00053FE05EB4910D0F8003923F40043C0F826
:107DB0000039D5F81C3823EA0707D7E70080001000
:107DC00000040002D0F894201268C0F89820FFF751
:107DD0000FBE00005831D0F8903049015B5813F4C1
:107DE000004004D013F4001F0CBF02200120704794
:107DF0004831D0F8903049015B5813F4004004D06A
:107E000013F4001F0CBF02200120704700EB81011A
:107E1000CB68196A0B6813604B68536070470000A9
:107E200000EB810330B5DD68AA691368D36019B926
:107E3000402B84BF402313606B8A1468D0F89020D5
:107E40001C4402EB4110013C09B2B4FBF3F4634360
:107E5000033323F0030343EAC44343F0C043C0F8B1
:107E6000103B2B6803F00303012B0ED1D2F8083826
:107E700002EB411013F4807FD0F8003B14BF43F0B5
:107E8000805343F00053C0F8003B02EB4112D2F89C
:107E9000003B43F00443C2F8003B30BD2DE9F04104
:107EA000D0F8906005460C4606EB4113D3F8087BEA
:107EB0003A07C3F8087B08D5D6F814381B0704D551
:107EC00000EB8103DB685B689847FA071FD5D6F89B
:107ED0001438DB071BD505EB8403D968CCB98B6953
:107EE000488A5A68B2FBF0F600FB16228AB9186875
:107EF000DA6890420DD2121AC3E90024302383F3CA
:107F0000118821462846FFF78BFF84F31188BDE8CE
:107F1000F081012303FA04F26B8923EA02036B81E7
:107F2000CB68002BF3D021462846BDE8F041184726
:107F300000EB81034A0170B5DD68D0F890306C69C0
:107F40002668E66056BB1A444FF40020C2F81009B8
:107F50002A6802F00302012A0AB20ED1D3F80808F7
:107F600003EB421410F4807FD4F8000914BF40F0F2
:107F7000805040F00050C4F8000903EB4212D2F8E0
:107F8000000940F00440C2F800090122D3F8340887
:107F900002FA01F10143C3F8341870BD19B9402E3B
:107FA00084BF4020206020681A442E8A8419013C36
:107FB000B4FBF6F440EAC44040F00050C6E70000CD
:107FC0002DE9F843D0F8906005460C464F0106EBCA
:107FD0004113D3F8088918F0010FC3F808891CD0A1
:107FE000D6F81038DB0718D500EB8103D3F80CC0A6
:107FF000DCF81430D3F800E0DA68964530D2A2EB12
:108000000E024FF000091A60C3F80490302383F386
:108010001188FFF78DFF89F3118818F0800F1DD0AC
:10802000D6F834380126A640334217D005EB840336
:108030000134D5F89050D3F80CC0E4B22F44DCF8EA
:10804000142005EB0434D2F800E05168714514D3D4
:10805000D5F8343823EA0606C5F83468BDE8F88355
:10806000012303FA01F2038923EA02030381DCF806
:108070000830002BD1D09847CFE7AEEB0103BCF816
:108080001000834228BF0346D7F8180980B2B3EB2B
:10809000800FE3D89068A0F1040959F8048FC4F860
:1080A0000080A0EB09089844B8F1040FF5D81844F3
:1080B0000B4490605360C8E72DE9F84FD0F890501A
:1080C00004466E69AB691E4016F480586E6103D099
:1080D000BDE8F84FFDF7FABF002E12DAD5F8003EE2
:1080E0009B0705D0D5F8003E23F00303C5F8003EFA
:1080F000D5F80438204623F00103C5F80438FEF70C
:1081000013F8370505D52046FFF772FC2046FDF72A
:10811000F9FFB0040CD5D5F8083813F0060FEB685A
:1081200023F470530CBF43F4105343F4A053EB609B
:1081300031071BD56368DB681BB9AB6923F0080303
:10814000AB612378052B0CD1D5F8003E9A0705D0FA
:10815000D5F8003E23F00303C5F8003E2046FDF7A6
:10816000E3FF6368DB680BB120469847F30200F138
:10817000BA80B70226D5D4F8909000274FF0010AB4
:1081800009EB4712D2F8003B03F44023B3F5802FEC
:1081900011D1D2F8003B002B0DDA62890AFA07F3FD
:1081A00022EA0303638104EB8703DB68DB6813B116
:1081B0003946204698470137D4F89430FFB29B687F
:1081C0009F42DDD9F00619D5D4F89000026AC2F3B7
:1081D0000A1702F00F0302F4F012B2F5802F00F03C
:1081E000CA80B2F5402F09D104EB8303002200F5C9
:1081F0008050DB681B6A974240F0B0803003D5F8AE
:10820000185835D5E90303D500212046FFF746FE6F
:10821000AA0303D501212046FFF740FE6B0303D5D7
:1082200002212046FFF73AFE2F0303D50321204603
:10823000FFF734FEE80203D504212046FFF72EFEA7
:10824000A90203D505212046FFF728FE6A0203D5BF
:1082500006212046FFF722FE2B0203D507212046E8
:10826000FFF71CFEEF0103D508212046FFF716FE9D
:10827000700340F1A780E90703D500212046FFF7EE
:108280009FFEAA0703D501212046FFF799FE6B0741
:1082900003D502212046FFF793FE2F0703D50321C4
:1082A0002046FFF78DFEEE0603D504212046FFF79A
:1082B00087FEA80603D505212046FFF781FE690643
:1082C00003D506212046FFF77BFE2A0603D50721AA
:1082D0002046FFF775FEEB0574D520460821BDE862
:1082E000F84FFFF76DBED4F890904FF0000B4FF0B1
:1082F000010AD4F894305FFA8BF79B689F423FF6EF
:1083000038AF09EB4713D3F8002902F44022B2F545
:10831000802F20D1D3F80029002A1CDAD3F80029B5
:1083200042F09042C3F80029D3F80029002AFBDB71
:108330003946D4F89000FFF787FB22890AFA07F341
:1083400022EA0303238104EB8703DB689B6813B1F4
:108350003946204698470BF1010BCAE7910701D136
:10836000D0F80080072A02F101029CBF03F8018BBC
:108370004FEA18283FE704EB830300F58050DA68E2
:10838000D2F818C0DCF80820DCE9001CA1EB0C0CCA
:1083900000218F4208D1DB689B699A683A449A6051
:1083A0005A683A445A6029E711F0030F01D1D0F816
:1083B00000808C4501F1010184BF02F8018B4FEA76
:1083C0001828E6E7BDE8F88F08B50348FFF774FE04
:1083D000BDE80840FFF744BAB479002008B5034867
:1083E000FFF76AFEBDE80840FFF73ABA507A00206E
:1083F000D0F8903003EB4111D1F8003B43F4001367
:10840000C1F8003B70470000D0F8903003EB4111F9
:10841000D1F8003943F40013C1F800397047000067
:10842000D0F8903003EB4111D1F8003B23F4001356
:10843000C1F8003B70470000D0F8903003EB4111C9
:10844000D1F8003923F40013C1F800397047000057
:10845000064BD3F8DC200243C3F8DC20D3F8042118
:108460001043C3F80401D3F80431704700440258A4
:1084700008B53C4B4FF0FF31D3F8802062F000424A
:10848000C3F88020D3F8802002F00042C3F8802097
:10849000D3F88020D3F88420C3F88410D3F8842044
:1084A0000022C3F88420D3F88400D86F40F0FF4046
:1084B00040F4FF0040F4DF4040F07F00D867D86F01
:1084C00020F0FF4020F4FF0020F4DF4020F07F0088
:1084D000D867D86FD3F888006FEA40506FEA5050E1
:1084E000C3F88800D3F88800C0F30A00C3F88800F6
:1084F000D3F88800D3F89000C3F89010D3F8900018
:10850000C3F89020D3F89000D3F89400C3F89410E7
:10851000D3F89400C3F89420D3F89400D3F89800CB
:10852000C3F89810D3F89800C3F89820D3F89800AF
:10853000D3F88C00C3F88C10D3F88C00C3F88C20CF
:10854000D3F88C00D3F89C00C3F89C10D3F89C108F
:10855000C3F89C20D3F89C30FCF7FAF9BDE808403A
:1085600000F0E0B90044025808B50122534BC3F8AB
:108570000821534BD3F8F42042F00202C3F8F42050
:10858000D3F81C2142F00202C3F81C210222D3F8C6
:108590001C314C4BDA605A689104FCD54A4A1A6087
:1085A00001229A60494ADA6000221A614FF440427F
:1085B0009A61444B9A699204FCD51A6842F480721D
:1085C0001A603F4B1A6F12F4407F04D04FF4803290
:1085D0001A6700221A671A6842F001021A60384BC3
:1085E0001A685007FCD500221A611A6912F0380285
:1085F000FBD1012119604FF0804159605A67344A1C
:10860000DA62344A1A611A6842F480321A602C4BDA
:108610001A689103FCD51A6842F480521A601A68ED
:108620009204FCD52C4A2D499A6200225A631963A0
:1086300001F57C01DA6301F5E77199635A64284A10
:108640001A64284ADA621A6842F0A8521A601C4B6F
:108650001A6802F02852B2F1285FF9D148229A61D3
:108660004FF48862DA6140221A621F4ADA641F4AB4
:108670001A651F4A5A651F4A9A6532231E4A1360BB
:10868000136803F00F03022BFAD10D4A136943F06C
:1086900003031361136903F03803182BFAD14FF069
:1086A0000050FFF7D5FE4FF08040FFF7D1FE4FF0AE
:1086B0000040BDE80840FFF7CBBE00BF008000517E
:1086C000004402580048025800C000F002000001B7
:1086D0000000FF0100889008322060006302090159
:1086E000470E0508DD0BBF0120000020000001102F
:1086F0000910E00000010110002000524FF0B042CC
:1087000008B5D2F8883003F00103C2F8883023B1ED
:10871000044A13680BB150689847BDE80840FFF75A
:108720009FB800BF2C7B00204FF0B04208B5D2F8B4
:10873000883003F00203C2F8883023B1044A9368FA
:108740000BB1D0689847BDE80840FFF789B800BF73
:108750002C7B00204FF0B04208B5D2F8883003F0EF
:108760000403C2F8883023B1044A13690BB150697D
:108770009847BDE80840FFF773B800BF2C7B002086
:108780004FF0B04208B5D2F8883003F00803C2F8C1
:10879000883023B1044A93690BB1D0699847BDE88A
:1087A0000840FFF75DB800BF2C7B00204FF0B042BF
:1087B00008B5D2F8883003F01003C2F8883023B12E
:1087C000044A136A0BB1506A9847BDE80840FFF7A6
:1087D00047B800BF2C7B00204FF0B04310B5D3F852
:1087E000884004F47872C3F88820A30604D5124A9E
:1087F000936A0BB1D06A9847600604D50E4A136B92
:108800000BB1506B9847210604D50B4A936B0BB103
:10881000D06B9847E20504D5074A136C0BB1506C36
:108820009847A30504D5044A936C0BB1D06C9847C4
:10883000BDE81040FFF714B82C7B00204FF0B04388
:1088400010B5D3F8884004F47C42C3F88820620550
:1088500004D5164A136D0BB1506D9847230504D506
:10886000124A936D0BB1D06D9847E00404D50F4ABE
:10887000136E0BB1506E9847A10404D50B4A936E4A
:108880000BB1D06E9847620404D5084A136F0BB140
:10889000506F9847230404D5044A936F0BB1D06FEF
:1088A0009847BDE81040FEF7DBBF00BF2C7B0020DF
:1088B00008B50348FCF714FCBDE80840FEF7D0BF3C
:1088C000D846002008B50348FCF74EFDBDE8084037
:1088D000FEF7C6BF3049002008B50348FCF744FD49
:1088E000BDE80840FEF7BCBF9C49002008B503481E
:1088F000FCF73AFDBDE80840FEF7B2BF084A002089
:1089000008B50348FCF730FDBDE80840FEF7A8BFF6
:10891000744A002008B500F0C1FCBDE80840FEF72D
:108920009FBF0000062108B50846FCF7A3FD0621FD
:108930000720FCF79FFD06210820FCF79BFD062180
:108940000920FCF797FD06210A20FCF793FD06217C
:108950001720FCF78FFD06212820FCF78BFD09214D
:108960007A20FCF787FD09217C20FCF783FD072195
:108970003220FCF77FFD0C212520FCF77BFD0C212C
:108980002620FCF777FD0C213520FCF773FD0C2128
:108990005220BDE80840FCF76DBD000008B5FFF7A8
:1089A00067FD00F043FCFDF745F9FDF7E3F8FDF73F
:1089B0001BFBFDF7EDF9FEF7AFF9BDE8084000F04D
:1089C00029BA000030B50433039C0172002104FB76
:1089D0000325C160C0E90653049B0363059BC0E9FE
:1089E0000000C0E90422C0E90842C0E90A1143635B
:1089F00030BD00000022416AC260C0E90411C0E934
:108A00000A226FF00101FDF7FDBE0000D0E904323B
:108A1000934201D1C2680AB9181D704700207047FF
:108A2000036919600021C2680132C260C26913443F
:108A300082699342036124BF436A0361FDF7D6BE96
:108A400038B504460D46E3683BB162690020131D4A
:108A50001268A3621344E36207E0237A33B929461C
:108A60002046FDF7B3FE0028EDDA38BD6FF00100B7
:108A7000FBE70000C368C269013BC360436913445C
:108A800082699342436124BF436A43610023836246
:108A9000036B03B11847704770B53023044683F366
:108AA0001188866A3EB9FFF7CBFF054618B186F3F9
:108AB0001188284670BDA36AE26A13F8015B9342ED
:108AC000A36202D32046FFF7D5FF002383F311886A
:108AD000EFE700002DE9F84F04460E46174698468A
:108AE0004FF0300989F311880025AA46D4F828B040
:108AF000BBF1000F09D141462046FFF7A1FF20B18D
:108B00008BF311882846BDE8F88FD4E90A12A7EB49
:108B1000050B521A934528BF9346BBF1400F1BD952
:108B2000334601F1400251F8040B914243F8040B23
:108B3000F9D1A36A403640354033A362D4E90A2311
:108B40009A4202D32046FFF795FF8AF31188BD426F
:108B5000D8D289F31188C9E730465A46F9F7DEF8CA
:108B6000A36A5E445D445B44A362E7E710B5029CE0
:108B70000433017203FB0421C460C0E9061300231F
:108B8000C0E90A33039B0363049BC0E90000C0E90A
:108B90000422C0E90842436310BD0000026A6FF07E
:108BA0000101C260426AC0E904220022C0E90A222F
:108BB000FDF728BED0E904239A4201D1C26822B948
:108BC000184650F8043B0B60704700231846FAE73C
:108BD000C3680021C2690133C360436913448269D9
:108BE0009342436124BF436A4361FDF7FFBD000028
:108BF00038B504460D46E3683BB1236900201A1DD1
:108C0000A262E2691344E36207E0237A33B929469A
:108C10002046FDF7DBFD0028EDDA38BD6FF00100DE
:108C2000FBE7000003691960C268013AC260C269CB
:108C3000134482699342036124BF436A03610023A2
:108C40008362036B03B118477047000070B530238F
:108C50000D460446114683F31188866A2EB9FFF744
:108C6000C7FF10B186F3118870BDA36A1D70A36A97
:108C7000E26A01339342A36204D3E16920460439D6
:108C8000FFF7D0FF002080F31188EDE72DE9F84FC2
:108C900004460D46904699464FF0300A8AF31188F3
:108CA0000026B346A76A4FB949462046FFF7A0FF02
:108CB00020B187F311883046BDE8F88FD4E90A0760
:108CC0003A1AA8EB0607974228BF1746402F1BD930
:108CD00005F1400355F8042B9D4240F8042BF9D1CF
:108CE000A36A40364033A362D4E90A239A4204D3EC
:108CF000E16920460439FFF795FF8BF3118846455B
:108D0000D9D28AF31188CDE729463A46F9F706F811
:108D1000A36A3D443E443B44A362E5E7D0E9042313
:108D20009A4217D1C3689BB1836A8BB1043B9B1AEB
:108D30000ED01360C368013BC360C3691A448369E2
:108D40009A42026124BF436A0361002383620123C4
:108D5000184670470023FBE701F01F03F0B502F04F
:108D60001F0456095A1C0123B6EB511F50F8265018
:108D700003FA02F34FEA511703F1FF333DBF50F8F6
:108D80002720C4F12000134003EA05003BBF03FA8B
:108D900000F225FA04F0E0401043F0BD70B57E22E9
:108DA0007F210546FFF7D8FF18B1012819D0002010
:108DB00070BD3E2249212846FFF7CEFF2F220446F0
:108DC00031212846FFF7C8FF0646013450220236FB
:108DD00053212846B440FFF7BFFF093804FA00F0DA
:108DE000E6E7302245212846FFF7B6FF0130800232
:108DF000DEE7000090F8D63090F8D7201B0403EB94
:108E0000026390F8D42090F8D500134403EB0020BF
:108E10007047000000F018BA014B586A704700BF55
:108E2000000C0040034B002258631A610222DA60F2
:108E3000704700BF000C0040014B0022DA60704711
:108E4000000C0040014B5863704700BF000C00400D
:108E5000024B034A1A60034A5A607047047B0020A1
:108E6000B07B002000000220074B494210B55C682F
:108E7000201A08401968821A8A4203D3A24201D8F4
:108E80005A6010BD0020FCE7047B002008B53023A9
:108E900083F31188FFF7E8FF002383F3118808BDEF
:108EA0000448054B03600023C0E901330C3000F097
:108EB00017B900BF0C7B00208D8E0008CB1D083A2F
:108EC00023F00703591A521A10B4D2080024C0E93B
:108ED000004384600C301C605A605DF8044B00F065
:108EE000FFB800002DE9F74F364FCD1D884600280A
:108EF00018BF0746082A4FEAD50538BF082207F1F0
:108F00000C003C1D9146019000F02CF9019809F1EC
:108F10000701C9F1000E2246246864B900F02CF95B
:108F20003B68CBB308224946E8009847044698B30B
:108F300040E9027830E004EB010CD4F804A00CEA1C
:108F40000E0C0AF10106ACF1080304EBC6069E42C2
:108F5000E1D9A6EB0C0CB5EBEC0F4FEAEC0BDAD831
:108F60009C421DD204F10802AB45A3EB02024FEA7A
:108F7000E202626009D9691CED4303EBC1025D4462
:108F80005560256843F8315022601C46C3F80480C0
:108F900044F8087B00F0F0F8204603B0BDE8F08FFD
:108FA000AA45216802D111602346EEE7013504EBA2
:108FB000C50344F8351003F10801761AF6105E6017
:108FC0001360F1E70C7B002073B50446A0F108059F
:108FD00050F8080C54F8043C061D0C30073301907F
:108FE000DB0844F8043C00F0BDF8334601989E428B
:108FF0001A6801D0AB4228D20AB1954225D244F872
:10900000082C54F8042C1D60013254F8081C05EBA0
:10901000C206B14206D14E68324444F8042C0A68B4
:1090200044F8082C5E68711C03EBC1018D4207D126
:1090300054F8042C013232445A6054F8082C1A6057
:1090400002B0BDE8704000F097B81346CFE70000CB
:10905000FEE7000070B51E4B0025044686B0586040
:109060000E4605638163FEF7D3FB04F12803A56078
:109070006563C4E90A3304F11003C4E904334FF013
:10908000FF33C4E90044C4E90635FFF7C5FE2B46AB
:10909000024604F13C012046C4E9082380230D4A1E
:1090A0006567FDF70DFB7368E0600B4A03620123FF
:1090B000009280F824306846F26801923269CDE966
:1090C0000223064BCDE90435FDF72EFB06B070BD3B
:1090D000885D0020789D0008709D00085190000870
:1090E0000023C0E9000083600361704770B51C4B2A
:1090F00005468468DE685CB3B44213D1036901336A
:10910000036170BDA36094F8243083B1062B15D1A0
:10911000A06A2146D4E9003213605A60FDF73CFA98
:10912000A36A9C68B368A2689A42EBD306E0D4E9CC
:109130000032204613605A60FDF73EFA2846314659
:10914000FDF72AFAB5620620BDE87040FDF736BA91
:109150000369866001330361336BC3603063D0E71A
:10916000E05A002008B5302383F31188FFF7BEFFD3
:10917000002383F3118808BD194BD96883688B429B
:1091800010B520D1302383F311880269013A0261BE
:10919000B2B90468C368A0420B631ED04A6B9BB986
:1091A00001238A60036103681A68026050601A6BC9
:1091B0008360C26018631846FDF7FEF9FDF74EFAAA
:1091C000002383F3118810BD1C68A34203D0A46858
:1091D000A24238BF2246DB68E1E78260F0E700BFC9
:1091E000E05A0020024A536B18435063704700BF97
:1091F000E05A002038B5EFF311859DB9EFF30584EF
:10920000C4F30804302334B183F31188FDF732FC32
:1092100085F3118838BD83F31188FDF72BFC84F3A7
:10922000118838BDBDE83840FDF724BC0023054A4D
:1092300019460133102BC2E9001102F10802F8D1DE
:10924000704700BF2C7B0020114BD3F8E82042F080
:109250000802C3F8E820D3F8102142F00802C3F84E
:1092600010210C4AD3F81031D36B43F00803D363B9
:10927000C722094B9A624FF0FF32DA6200229A61EC
:109280005A63DA605A6001225A611A60704700BF5F
:10929000004402580010005C000C0040094A08B568
:1092A0001169D3680B40D9B29B076FEA01011161C4
:1092B00007D5302383F31188FDF7F6F9002383F3F4
:1092C000118808BD000C004010B5013902449042DD
:1092D00001D1002005E0037811F8014FA34201D02D
:1092E000181B10BD0130F2E7884210B501EB0204F3
:1092F00002D98442234607D8431EA14208D011F860
:10930000012B03F8012FF8E7024401468A4200D1FD
:1093100010BD13F8014D02F8014DF7E7C9B203463D
:1093200010F8012B1AB18A42F9D11846704700296A
:1093300018BF0023F9E70000034611F8012B03F8DA
:10934000012B002AF9D1704710B50139034632B11B
:1093500011F8014F03F8014B013A002CF7D11A44E0
:109360000021934200D110BD03F8011BF9E7000072
:109370004D4435002D2D0A002F6172647570696CA3
:109380006F742E6162696E002F6172647570696C12
:109390006F742D7665726966792E6162696E002F31
:1093A0006172647570696C6F742D666C6173682E80
:1093B0006162696E002F6172647570696C6F742DE3
:1093C000666C61736865642E6162696E00000000FE
:1093D0000000000000000000050F0008A10F0008B9
:1093E00051110008D90F0008990F00080000000073
:1093F00000000000010F0008AD0F000889110008EF
:10940000FD0E0008090F000853544D333248373F12
:109410003F3F0053544D3332483733782F3732783B
:109420000053544D3332483734332F3735332F37C9
:109430003530000001105A00031059000120580077
:10944000032056002F000000537563636573736635
:10945000756C6C79206D6F756E7465642053444330
:109460006172642028736C6F77646F776E3D257529
:10947000290A0000EB7690455846415420202000F0
:109480004641543332202020000000002A3A3C3E5E
:109490007C223F7F002B2C3B3D5B5D0043554541CB
:1094A0004141414345454549494941414592924FD2
:1094B0004F4F5555594F554F9C4F9E9F41494F55C2
:1094C000A5A5A6A7A8A9AAABACADAEAFB0B1B2B3E3
:1094D000B4414141B8B9BABBBCBDBEBFC0C1C2C333
:1094E000C4C54141C8C9CACBCCCDCECFD1D14545E9
:1094F0004549494949D9DADBDCDD49DF4FE14F4FC6
:109500004F4FE6E8E85555555959EEEFF0F1F2F3B3
:10951000F4F5F6F7F8F9FAFBFCFDFEFF0103050789
:10952000090E10121416181C1E00000061001A0308
:10953000E0001703F8000703FF00010078010001B5
:10954000300132010601390110014A012E01790171
:10955000060180014D0043028101820182018401E4
:10956000840186018701870189018A018B018B01B2
:109570008D018E018F019001910191019301940160
:10958000F60196019701980198013D029B019C010B
:109590009D0120029F01A001A001A201A201A4013E
:1095A000A401A601A701A701A901AA01AB01AC0171
:1095B000AC01AE01AF01AF01B101B201B301B30122
:1095C000B501B501B701B801B801BA01BB01BC01D1
:1095D000BC01BE01F701C001C101C201C301C40148
:1095E000C501C401C701C801C701CA01CB01CA0135
:1095F000CD011001DD0101008E01DE011201F30138
:109600000300F101F401F401F80128012202120122
:109610003A020900652C3B023B023D02662C3F02E8
:1096200040024102410246020A0153024000810108
:109630008601550289018A0158028F015A02900160
:109640005C025D025E025F029301610262029401AC
:109650006402650266026702970196016A02622C43
:109660006C026D026E029C01700271029D01730218
:1096700074029F0176027702780279027A027B02F5
:109680007C02642C7E027F02A60181028202A90173
:109690008402850286028702AE014402B101B20152
:1096A00045028D028E028F0290029102B7017B0368
:1096B0000300FD03FE03FF03AC03040086038803DD
:1096C00089038A03B1031103C2030200A303A303A6
:1096D000C4030803CC0303008C038E038F03D80359
:1096E0001801F2030A00F903F303F403F503F60388
:1096F000F703F703F903FA03FA03300420035004D5
:109700001007600422018A043601C1040E01CF044F
:109710000100C004D00444016105260400000000DB
:109720007D1D0100632C001E9601A01E5A01001F22
:109730000806101F0606201F0806301F0806401FD7
:109740000606511F0700591F521F5B1F541F5D1F44
:10975000561F5F1F601F0806701F0E00BA1FBB1F39
:10976000C81FC91FCA1FCB1FDA1FDB1FF81FF91F35
:10977000EA1FEB1FFA1FFB1F801F0806901F080639
:10978000A01F0806B01F0400B81FB91FB21FBC1FDE
:10979000CC1F0100C31FD01F0206E01F0206E51FF9
:1097A0000100EC1FF31F0100FC1F4E2101003221BC
:1097B00070211002842101008321D0241A05302C4D
:1097C0002F04602C0201672C0601752C0201802CED
:1097D0006401002D260841FF1A030000C700FC00A9
:1097E000E900E200E400E000E500E700EA00EB0049
:1097F000E800EF00EE00EC00C400C500C900E60080
:10980000C600F400F600F200FB00F900FF00D600ED
:10981000DC00F800A300D800D7009201E100ED00C1
:10982000F300FA00F100D100AA00BA00BF00AE00B8
:10983000AC00BD00BC00A100AB00BB00912592258F
:10984000932502252425C100C200C000A90063257C
:10985000512557255D25A200A50010251425342586
:109860002C251C2500253C25E300C3005A25542542
:1098700069256625602550256C25A400F000D000E0
:10988000CA00CB00C8003101CD00CE00CF001825A2
:109890000C2588258425A600CC008025D300DF0078
:1098A000D400D200F500D500B500FE00DE00DA00DD
:1098B000DB00D900FD00DD00AF00B400AD00B10059
:1098C0001720BE00B600A700F700B800B000A8003F
:1098D000B700B900B300B200A025A00010000240FC
:1098E000080002400008024000000B00280002406F
:1098F000080002400408024006010C00400002403B
:10990000080002400808024010020D005800024002
:10991000080002400C08024016030E0070000240CE
:109920000C0002401008024000040F0088000240B2
:109930000C0002401408024006051000A00002407E
:109940000C0002401808024010061100B800024046
:109950000C0002401C08024016072F0010040240B1
:109960000804024020080240000838002804024091
:10997000080402402408024006093900400402405D
:109980000804024028080240100A3A005804024025
:10999000080402402C080240160B3B0070040240F1
:1099A0000C04024030080240000C3C0088040240D5
:1099B0000C04024034080240060D4400A00402409A
:1099C0000C04024038080240100E4500B804024062
:1099D0000C0402403C080240160F46000100000043
:1099E00000000000009600000000000000000000E1
:1099F0000000000000000000000000000000000067
:109A0000116D0008156D000809580008415B000839
:109A10009D570008C5570008ED57000885570008F6
:109A200000000000F55B0008E15B00081D5C000819
:109A3000095C0008155C0008015C0008ED5B00088B
:109A4000D95B0008295C0008000000000D5D0008DB
:109A5000F95C0008355D0008215D00082D5D0008F7
:109A6000195D0008055D0008F15C0008415D000813
:109A70000000000001000000000000006330000052
:109A80007C9A00080000000000000000585B0020E5
:109A9000885D00208201A82A00000000AAAAAAAAC4
:109AA00041001424EFFF00000970000070A70A00B5
:109AB000801200AA00000000AAAAAAAA401100551C
:109AC000FFFF0000009009000000EE990000000078
:109AD00000000000AAAAAAAA00000000FFFF0000E0
:109AE00000000000000000008029000000000000CD
:109AF000AAAAAAAA40060000FFFF00000070700B8F
:109B0000000000004005000000000000AAAAAAAA68
:109B100040050000FFFF0000000000000000000002
:109B200000A0090000000000AAAAAAAA005006008E
:109B3000FFFF000000000077700000000000100030
:109B400000040000AAAAAAAA00000000FFFF00006B
:109B500000000000000000000000000010000000F5
:109B6000AAAAAAAA00000000FFFF0000000000004F
:109B7000000000000000004000000000AAAAAAAAFD
:109B800000000000FF7F0000000000000000000057
:109B90000000000000000000AAAAAAAA000000001D
:109BA000FFFF0000000000000000000000040000B3
:109BB00020000000AAAAAAAA00000000FFFF0000DF
:109BC0000000000000000000416958415200254299
:109BD0004F415244252D424C002553455249414C9A
:109BE0002500000002000000000000002D5F0008BA
:109BF0009D5F000840004000387600204876002035
:109C0000020000000000000003000000000000004F
:109C1000E55F0008000000001000000058760020FA
:109C2000000000000100000000000000B4790020E6
:109C3000010102000D6E00081D6D0008B96D0008DD
:109C40009D6D0008430000004C9C00080902430081
:109C5000020100C0320904000001020201000524D3
:109C6000001001052401000104240202052406005D
:109C700001070582030800FF09040100020A000031
:109C800000070501024000000705810240000000B6
:109C900012000000989C0008120110010200004010
:109CA00009124157000201020301000004030904E4
:109CB00025424F41524425004143524F58415200E2
:109CC00030313233343536373839414243444546F2
:109CD0000000000000000020000002000200000060
:109CE0000000003000000400080000000000002414
:109CF00000000800040000000004000000FC000058
:109D00000200000000000430008000000800000095
:109D10000000003800000100010000001F1C1F1E91
:109D20001F1E1F1F1E1F1E1F1F1D1F1E1F1E1F1F4A
:109D30001E1F1E1F0000000041610008F96300089B
:109D4000A564000840004000EC7A0020EC7A002076
:109D500001000000FC7A00208000000040010000AB
:109D600008000000000100000010000008000000D2
:109D700069646C65000000006D61696E002C043838
:109D8000040438080C10141C2024252600000000B0
:109D9000000064040100040000000000000C00103A
:109DA00028303400C466FF7F01000000000000007E
:109DB000380000000000000000001E00000000004D
:109DC000FF000000905D0020304900209C490020E9
:109DD000744A00200000000008940008830400007A
:109DE000139400085004000021940008F833002068
:109DF0000000000000100000000100000100000051
:109E0000000000000096000000000800960000001E
:109E10000008000004000000AC9C000800000000E6
:109E20000000000000000000000000000000000032
:049E3000000000002E
:00000001FF
