:020000040800F2
:1000000000060020E1020008E3020008E302000805
:10001000E3020008E3020008E3020008E30200082C
:10002000E3020008E3020008E302000891770008F9
:10003000E3020008E3020008E3020008E30200080C
:10004000E3020008E3020008E3020008E3020008FC
:10005000E3020008E30200089D860008C986000844
:10006000F5860008218700084D87000841460008F2
:100070006946000895460008C1460008ED4600089C
:100080001547000841470008E3020008E3020008A2
:10009000E3020008E3020008E30200087987000891
:1000A000E3020008E3020008E3020008E30200089C
:1000B000E3020008E3020008E3020008E30200088C
:1000C000E3020008E3020008E3020008E30200087C
:1000D000E30200086588000879880008E302000848
:1000E000DD870008E3020008E3020008E3020008DD
:1000F000E3020008E3020008E30200086D4700087D
:10010000E3020008E3020008B5880008E3020008E3
:10011000E30200088D880008E3020008E3020008FB
:1001200099470008C1470008ED4700081948000832
:1001300045480008E3020008E3020008E302000863
:10014000E3020008E3020008E3020008E3020008FB
:100150006D48000899480008C5480008E3020008F7
:10016000E3020008E3020008E3020008E3020008DB
:10017000E30200087D830008E3020008E3020008B0
:10018000E3020008E3020008A1880008E302000877
:10019000E3020008E3020008E3020008E3020008AB
:1001A000E3020008E3020008E3020008E30200089B
:1001B000E3020008E3020008E3020008E30200088B
:1001C000E3020008E3020008E3020008E30200087B
:1001D000E302000869830008E3020008E302000864
:1001E000E3020008E3020008E3020008E30200085B
:1001F000E3020008E3020008E3020008E30200084B
:10020000E3020008E3020008E3020008E30200083A
:10021000E3020008E3020008E3020008E30200082A
:10022000E3020008E3020008E3020008E30200081A
:1002300051880008E3020008E3020008E302000816
:10024000E3020008E3020008E3020008E3020008FA
:10025000E3020008E3020008E3020008E3020008EA
:10026000E3020008E3020008E3020008E3020008DA
:10027000E3020008E3020008E3020008E3020008CA
:10028000E3020008E3020008E3020008E3020008BA
:10029000E3020008E3020008E3020008E3020008AA
:1002A000E3020008E3020008E3020008E30200089A
:1002B000E3020008E3020008E3020008E30200088A
:1002C000E3020008E3020008E3020008E30200087A
:1002D000E3020008E3020008E3020008E30200086A
:1002E00002E000F000F8FEE772B6374880F30888B5
:1002F000364880F3098836483649086040F20000E5
:10030000CCF200004EF63471CEF200010860BFF36B
:100310004F8FBFF36F8F40F20000C0F2F0004EF637
:100320008851CEF200010860BFF34F8FBFF36F8F8B
:100330004FF00000E1EE100A4EF63C71CEF20001E3
:100340000860062080F31488BFF36F8F07F082FAED
:1003500006F000FC4FF055301F491B4A91423CBF4C
:1003600041F8040BFAE71D49184A91423CBF41F895
:10037000040BFAE71A491B4A1B4B9A423EBF51F83D
:10038000040B42F8040BF8E700201849184A914280
:100390003CBF41F8040BFAE707F09AFA06F05EFC5E
:1003A000144C154DAC4203DA54F8041B8847F9E7A6
:1003B00000F0C4F9114C124DAC4203DA54F8041B9E
:1003C0008847F9E707F082BA0006002000220020E3
:1003D0000000000808ED00E00000002000060020FA
:1003E000509D000800220020842200208822002046
:1003F000AC7B0020E0020008E0020008E0020008F8
:10040000E00200082DE9F04F2DED108AC1F80CD064
:10041000D0F80CD0BDEC108ABDE8F08F002383F338
:1004200011882846A047002006F076F9FEE706F07E
:10043000CFF800DFFEE7000053B94AB9002908BF32
:1004400000281CBF4FF0FF314FF0FF3000F074B9AF
:10045000ADF1080C6DE904CE00F006F8DDF804E01B
:10046000DDE9022304B070472DE9F047089D0446FA
:100470008E46002B4DD18A42944669D9B2FA82F257
:1004800052B101FA02F3C2F1200120FA01F10CFA93
:1004900002FC41EA030E94404FEA1C48210CBEFBCB
:1004A000F8F61FFA8CF708FB16E341EA034306FB54
:1004B00007F199420AD91CEB030306F1FF3080F0E3
:1004C0001F81994240F21C81023E63445B1AA4B230
:1004D000B3FBF8F008FB103344EA034400FB07F7D2
:1004E000A7420AD91CEB040400F1FF3380F00A8113
:1004F000A74240F207816444023840EA0640E41B08
:1005000000261DB1D4400023C5E900433146BDE8B3
:10051000F0878B4209D9002D00F0EF800026C5E955
:10052000000130463146BDE8F087B3FA83F6002E6D
:100530004AD18B4202D3824200F2F980841A61EBE5
:10054000030301209E46002DE0D0C5E9004EDDE703
:1005500002B9FFDEB2FA82F2002A40F09280A1EBEB
:100560000C014FEA1C471FFA8CFE0126200CB1FB40
:10057000F7F307FB131140EA01410EFB03F0884239
:1005800008D91CEB010103F1FF3802D2884200F2C6
:10059000CB804346091AA4B2B1FBF7F007FB101158
:1005A00044EA01440EFB00FEA64508D91CEB0404F6
:1005B00000F1FF3102D2A64500F2BB800846A4EB51
:1005C0000E0440EA03409CE7C6F12007B34022FA3C
:1005D00007FC4CEA030C20FA07F401FA06F31C436B
:1005E000F9404FEA1C4900FA06F3B1FBF9F8200C78
:1005F0001FFA8CFE09FB181140EA014108FB0EF0BE
:10060000884202FA06F20BD91CEB010108F1FF3A0D
:1006100080F08880884240F28580A8F10208614419
:10062000091AA4B2B1FBF9F009FB101144EA014127
:1006300000FB0EFE8E4508D91CEB010100F1FF34D2
:100640006CD28E456AD90238614440EA0840A0FB6A
:100650000294A1EB0E01A142C846A64656D353D040
:100660005DB1B3EB080261EB0E0101FA07F722FA64
:1006700006F3F1401F43C5E9007100263146BDE88D
:10068000F087C2F12003D8400CFA02FC21FA03F3F0
:10069000914001434FEA1C471FFA8CFEB3FBF7F071
:1006A00007FB10360B0C43EA064300FB0EF69E4296
:1006B00004FA02F408D91CEB030300F1FF382FD22F
:1006C0009E422DD9023863449B1B89B2B3FBF7F6D7
:1006D00007FB163341EA034106FB0EF38B4208D9B0
:1006E0001CEB010106F1FF3816D28B4214D9023EF1
:1006F0006144C91A46EA004638E72E46284605E70F
:100700000646E3E61846F8E64B45A9D2B9EB0208DF
:1007100064EB0C0E0138A3E74646EAE7204694E76F
:100720004046D1E7D0467BE7023B614432E73046A2
:1007300009E76444023842E7704700BF38B501F06A
:10074000FFF901F097FB06F027FF054607F016F8C2
:100750000446D0B90F4B9D4219D001339D4241F25E
:10076000883504BF01240025002006F01FFF0CB1CE
:1007700000F078F801F01EFB00F026FD08B100F053
:1007800071F8284600F01CF9F9E70025ECE705466A
:10079000EAE700BF010007B008B501F09DF9A0F13C
:1007A00020035842584108BD07B541F21203022107
:1007B00001A8ADF8043001F0ADF903B05DF804FB19
:1007C00038B5302383F31188174803680BB106F05E
:1007D00087F80023154A4FF47A71134806F076F82B
:1007E000002383F31188124C236813B12368013B63
:1007F0002360636813B16368013B63600D4D2B7820
:1008000033B963687BB9022001F046FA3223636092
:100810002B78032B07D163682BB9022001F03CFA37
:100820004FF47A73636038BD88220020C107000846
:10083000A8230020A0220020084B187003280CD801
:10084000DFE800F008050208022001F023BA0220C8
:1008500001F01EBA024B00225A607047A02200200D
:10086000A8230020F8B5504B504A1C4619680131A6
:1008700000F0998004339342F8D162684C4B9A425D
:1008800040F291804B4B9B6803F1006303F500330A
:100890009A4280F08880002001F06CF90220FFF776
:1008A000CBFF454B0021D3F8E820C3F8E810D3F87C
:1008B0001021C3F81011D3F81021D3F8EC20C3F89D
:1008C000EC10D3F81421C3F81411D3F81421D3F881
:1008D000F020C3F8F010D3F81821C3F81811D3F89A
:1008E0001821D3F8802042F00062C3F88020D3F8AA
:1008F000802022F00062C3F88020D3F88020D3F853
:10090000802042F00072C3F88020D3F8802022F0CB
:100910000072C3F88020D3F8803072B64FF0E02325
:10092000C3F8084DD4E90004BFF34F8FBFF36F8FB6
:10093000224AC2F88410BFF34F8F536923F48033E7
:100940005361BFF34F8FD2F8803043F6E076C3F3A4
:10095000C905C3F34E335B0103EA060C29464CEA92
:1009600081770139C2F87472F9D2203B13F1200F5C
:10097000F2D1BFF34F8FBFF36F8FBFF34F8FBFF332
:100980006F8F536923F4003353610023C2F8503250
:10099000BFF34F8FBFF36F8F302383F311888546EA
:1009A00080F308882047F8BD0000020820000208F4
:1009B000FFFF0108002200200044025800ED00E083
:1009C0002DE9F04F93B0B44B2022FF2100900AA8EC
:1009D0009D6801F099F9B14A1378A3B90121B04893
:1009E00011700360302383F3118803680BB105F0A5
:1009F00077FF0023AB4A4FF47A71A94805F066FFF0
:100A0000002383F31188009B13B1A74B009A1A604F
:100A1000A64A1378032B03D000231370A24A536015
:100A20004FF0000A009CD3465646D146012001F003
:100A300031F924B19C4B1B68002B00F0268200206A
:100A400001F04AF80390039B002BF2DB012001F038
:100A50001FF9039B213B1F2BE8D801A252F823F07A
:100A6000E10A0008090B00089D0B00082D0A000888
:100A70002D0A00082D0A00082F0C0008FF0D0008A1
:100A8000190D00087B0D0008A30D0008C90D000812
:100A90002D0A0008DB0D00082D0A00084D0E000885
:100AA000810B00082D0A0008910E0008ED0A0008CD
:100AB000810B00082D0A00087B0D00082D0A000894
:100AC0002D0A00082D0A00082D0A00082D0A00082A
:100AD0002D0A00082D0A00082D0A00089D0B0008A9
:100AE0000220FFF759FE002840F0F981009B022107
:100AF00005A8BAF1000F08BF1C4641F21233ADF849
:100B0000143001F007F891E74FF47A7000F0E4FF39
:100B1000071EEBDB0220FFF73FFE0028E6D0013F77
:100B2000052F00F2DE81DFE807F0030A0D1013360F
:100B30000523042105A8059300F0ECFF17E004212C
:100B40005548F9E704215A48F6E704215948F3E7E4
:100B50004FF01C08404608F1040801F00DF804218C
:100B6000059005A800F0D6FFB8F12C0FF2D10120B6
:100B70004FF0000900FA07F747EA0B0B5FFA8BFB0F
:100B800001F00EF926B10BF00B030B2B08BF00246C
:100B9000FFF70AFE4AE704214748CDE7002EA5D01B
:100BA0000BF00B030B2BA1D10220FFF7F5FD07463D
:100BB00000289BD00120002600F0DCFF0220FFF778
:100BC0003BFE1FFA86F8404600F0E4FF0446B0B151
:100BD000039940460136A1F140025142514100F0D3
:100BE000E9FF0028EDD1BA46044641F21213022172
:100BF00005A83E46ADF8143000F08CFF16E72546F8
:100C00000120FFF719FE244B9B68AB4207D9284609
:100C100000F0B2FF013040F067810435F3E70025B2
:100C2000224BBA463E461D701F4B5D60A8E7002E62
:100C30003FF45CAF0BF00B030B2B7FF457AF02209C
:100C4000FFF7FAFD322000F047FFB0F10008FFF691
:100C50004DAF18F003077FF449AF0F4A08EB0503C7
:100C6000926893423FF642AFB8F5807F3FF73EAFC0
:100C7000124BB845019323DD4FF47A7000F02CFF3E
:100C80000390039A002AFFF631AF039A0137019BC4
:100C900003F8012BEDE700BF00220020A423002071
:100CA00088220020C1070008A8230020A0220020DD
:100CB00004220020082200200C220020A422002070
:100CC000C820FFF769FD074600283FF40FAF1F2D2E
:100CD00011D8C5F120020AAB25F003008449424532
:100CE000184428BF4246019200F0E8FF019AFF2114
:100CF0007F4801F009F84FEAA803C8F387027C494E
:100D00002846019301F008F8064600283FF46DAF2D
:100D1000019B05EB830533E70220FFF73DFD00282B
:100D20003FF4E4AE00F064FF00283FF4DFAE00279C
:100D3000B846704B9B68BB4218D91F2F11D80A9B2D
:100D400001330ED027F0030312AA134453F8203CBA
:100D500005934046042205A9043701F023F9804693
:100D6000E7E7384600F008FF0590F2E7CDF8148079
:100D7000042105A800F0CEFE02E70023642104A8A8
:100D8000049300F0BDFE00287FF4B0AE0220FFF710
:100D900003FD00283FF4AAAE049800F01FFF059061
:100DA000E6E70023642104A8049300F0A9FE0028CC
:100DB0007FF49CAE0220FFF7EFFC00283FF496AED4
:100DC000049800F00DFFEAE70220FFF7E5FC002899
:100DD0003FF48CAE00F01CFFE1E70220FFF7DCFCE3
:100DE00000283FF483AE05A9142000F017FF074642
:100DF0000421049004A800F08DFE3946B9E73220A2
:100E000000F06AFE071EFFF671AEBB077FF46EAE00
:100E1000384A07EB0903926893423FF667AE022017
:100E2000FFF7BAFC00283FF461AE27F003074F44F8
:100E3000B9453FF4A5AE484609F1040900F09CFE0F
:100E40000421059005A800F065FEF1E74FF47A70E3
:100E5000FFF7A2FC00283FF449AE00F0C9FE0028CD
:100E600044D00A9B01330BD008220AA9002000F0CD
:100E700053FF00283AD02022FF210AA800F044FFA7
:100E8000FFF792FC1C4805F04DFC13B0BDE8F08F55
:100E9000002E3FF42BAE0BF00B030B2B7FF426AE92
:100EA0000023642105A8059300F02AFE07460028C8
:100EB0007FF41CAE0220FFF76FFC804600283FF451
:100EC00015AEFFF771FC41F2883005F02BFC059858
:100ED00000F0AEFF46463C4600F062FFA6E506463F
:100EE0004EE64FF0000901E6BA467EE637467CE65C
:100EF000A422002000220020A086010070470000EC
:100F000070470000704700002DE9F04100F5803780
:100F1000044616463B7C5BB9C0681030204400F0A4
:100F2000CDFEE5683544B5F5004FE56002D816B151
:100F3000BDE8F081DEB905F07F0605F11000002163
:100F4000C6F180062044F6B232462E4400F0DCFEA4
:100F5000A06804F11008324600F10060414600F537
:100F6000003006F0B9F830B901233B74E0E74FF4E4
:100F700000463546ECE7A26805F1100140463244D0
:100F80002144A260E268521BE26000F097FE02205A
:100F9000BDE8F04100F080BE183000F0E9BC000070
:100FA00010B5044601F01AF8204610BD10B50446ED
:100FB00001F014F8204610BDC0B2A0F14103052B8A
:100FC00002D83738C0B27047A0F16103052B94BF37
:100FD00057383038F6E7000070B504461546084625
:100FE00003220C4900F074FE014688B908346E1CD7
:100FF00015F91100FFF7E0FF024616F91100013163
:10100000FFF7DAFF102940EA021004F8010BEFD1D4
:1010100070BD00BF109300082DE9F04FADF53F7D86
:101020000746416801222AA802F0B6FE002840F0D7
:1010300087800646824681461125DFF80C81DFF85D
:101040000CB101AB4FF4805241462AA803F004F8DA
:10105000002875D1019AB2F5805F71D8002A65D059
:101060000446019A9442ECD2282D0FD008DC132DAF
:101070002DD01E2D39D0112D13D00134A4B2F0E79C
:10108000322D2DD0372D2FD02D2DF6D13B68121BB0
:1010900008EB040138461B692D259847BDF804402C
:1010A000EBE7121B022A09D9594608EB040000F0AD
:1010B0000FFE18B902342825A4B2DEE718F8043070
:1010C0003A2B3DD00A2B1CBFA1461325D5E718F8B3
:1010D00004300A2B34D03A2B04BFA2463225CCE789
:1010E00018F80430202BC8D0264618F804300A2BF4
:1010F0001AD1AAEB090208EB090102A811254F2A0F
:1011000028BF4F2208F0F0F8A21B08EB060116A832
:101110004F2A28BF4F2208F0E7F83B6816AA02A919
:10112000DB6838469847A8E71E25A6E73B6838469F
:1011300004491B69984701200DF53F7DBDE8F08FFC
:101140000020F9E712940008B0230020149300084F
:1011500000F1180110B5044686B00846019100F070
:10116000F1FB2046FFF758FF60B1019902A800F09B
:1011700049FC102204F1080102A808F075F8B0FA41
:1011800080F0400906B010BD70B504460025EEB2EF
:10119000304600F0FFFC58B100213046013500F028
:1011A00009FD08B9002070BD022000F075FDEEE7D2
:1011B0002046FFF731FF0028F4D004F58034207C6E
:1011C00080F00100EFE70000F0B5C9B006F0FCF9CF
:1011D00000F020FF18B90025284649B0F0BD694647
:1011E0002A4802F0FBFF00284BD1294C204603F08F
:1011F00025F8284803F022F8274803F01FF8214675
:10120000224803F097F80028E5D1702000F0E0FEB6
:10121000064610B1214B44600360336830469B683A
:101220009847054600282ED01A4F1948394603F032
:1012300081F805460028CED1194800F0C9FE0446C1
:1012400038B1184B4760036000F58033C0E90255A0
:101250001D74236820469B689847054628B10E49AF
:101260000C4803F067F80028B5D1336830465B6856
:1012700098471CB1236820465B68984700F0B2FE8F
:10128000AAE70025FAE70446EFE700BF1893000835
:10129000289300083F9300085593000878930008AE
:1012A00014000100949300082DE9F04FD44A8DB04A
:1012B0000B68D0F804A001931A440368D14E1A4475
:1012C000D1F81C90DFF8B4C3DFF8B4B3D0E902342E
:1012D000634003EA0A03634013444A6802920AEB3C
:1012E0007363029CC84A2244C468224484688AEA20
:1012F00004051D40654015448A68039203EB35558B
:10130000039CC24A2244846822448AEA03042C4093
:1013100084EA0A041444CA6805EBF43404921644BF
:1013200083EA0502224056445A4032440E6905962B
:1013300004EBB222059FB64E3E441E4485EA0403E8
:1013400013406B4033444E69069602EB7363069F6D
:10135000B04E3E442E4484EA02051D4065403544AB
:101360008E69079603EB3555079FAB4E3E442644E6
:1013700082EA03042C4054403444A84E4E4405EB0A
:10138000F434164483EA050222405A4032440E6A7D
:10139000089604EBB222089FA14E3E441E4485EA03
:1013A000040313406B4033444E6A099602EB7363A7
:1013B000099F9C4ED1F830E03E44D1F83880F34488
:1013C0002E4484EA02051D40654035448E6AA6F528
:1013D000244703EB35550A964F3F274482EA03041E
:1013E0002C4054403C44CF6A0B9705EBF4340B9EE1
:1013F0008D4F3744029E174483EA050222405A402B
:101400003A448A4F774404EBB2221F4485EA04032E
:1014100013406B403B444F6BBC4402EB7363654429
:1014200084EA020C0CEA030C8CEA040C6544DFF835
:1014300054C2C44403EB3555A44482EA03042C404F
:1014400054406444D1F83CC0794905EBF43461441C
:10145000114483EA050222405A400A44754904EBCC
:10146000B2223144079E194484EA02032B406340B0
:101470000B44714902EBF36331440B9E0D4482EA45
:1014800003012140514029446C4D03EBF151354497
:10149000019E254483EA010414405C402C44684DBD
:1014A00001EBB4443544069E154481EA04021A4017
:1014B0004A402A44634D04EB323235440A9E1D44AF
:1014C00084EA02030B4063402B445F4D02EBF3635D
:1014D0003544059E0D4482EA0301214051402944D0
:1014E0005A4D03EBF1516544254483EA010414404D
:1014F0005C402C44564D01EBB4443544099E1544E0
:1015000081EA04021A404A402A44524D04EB323226
:101510003544049E1D4484EA02030B4063402B447F
:101520004D4D02EBF36345440D4482EA0301214033
:1015300051402944494D03EBF1513544089E2C4458
:1015400083EA010515405D402C44454D01EBB44450
:101550003544039E2A4481EA04051D404D402A4437
:10156000404D04EB32323D442B4484EA020593445F
:101570000D4065402B443C4D02EBF3633544069E21
:10158000294482EA0305254055402944374D03EBA1
:10159000F1514D442C4483EA010515405D4025443A
:1015A00001EBB54581EA050404EA03024A405A44C6
:1015B000A6F5B82B089E05EB3232ABF2BE6B544059
:1015C0005B4423442A4C344402EB33730B9E0C449B
:1015D00085EA020159402144264C344403EB715101
:1015E000029E254482EA03044C402544224C444494
:1015F00001EB3545144483EA01026A40224443E08A
:1016000078A46AD7EECEBDC156B7C7E8DB702024F8
:10161000AF0F7CF52AC68747134630A8019546FDD3
:10162000D8988069AFF7448BBED75C892211906B44
:101630002108B44962251EF640B340C0515A5E26C7
:10164000AAC7B6E95D102FD65314440281E6A1D88B
:10165000C8FBD3E7E6CDE121D60737C3870DD5F424
:10166000ED145A4505E9E3A9F8A3EFFCD9026F6729
:1016700081F6718722619D6D0C38E5FD937198FDAF
:101680008A4C2A8D8E4379A6934C344405EB722202
:10169000059E1C4481EA0503534023448F4C344487
:1016A00002EB33730A9E0C4485EA0201594021443F
:1016B0008B4C4C4403EB7151254482EA03044C40AB
:1016C0002C44884D354401EB3444019E154483EA93
:1016D000010262402A44844D3D4404EB72221D44C1
:1016E00081EA040353402B44804D354402EB3373AD
:1016F000049E294484EA02055D4029447C4D35441A
:1017000003EB7151079E254482EA03044C402C44AC
:10171000784D354401EB3444099E2A4483EA01059F
:1017200065401544744A324404EB7525039E134406
:1017300081EA04026A401A44704B734405EB32722A
:101740000B4484EA0501514019446D4B634402EB9C
:1017500071511C4485EA02034B401C44694B3344DD
:1017600001EB3444019E1D4482EA010363402B4493
:10177000654D04EB73233544069E154463EA01026C
:1017800062402A44614D03EBB2624D4462EA0409AF
:1017900029445F4D89EA0309454449442C445D4D81
:1017A00002EBB1513544049E61EA03081D4488EA06
:1017B0000208444401EB744464EA02034B402B44A6
:1017C000554D04EBF323754463EA010E15448EEA8C
:1017D000040E0EEB0502514D03EBB262354462EA92
:1017E000040E29440A9D8EEA030EA5F580164C4D81
:1017F0007144A6F6833602EBB151264461EA030434
:1018000054403444029E01EB7444354464EA0206B9
:101810001D444E407319089E424D04EBF32335449A
:1018200063EA01061544664072193F4D03EBB2624C
:10183000654462EA040629443C4D5E403144079EFB
:1018400002EBB151354461EA03062C44384D564051
:101850003D443444059E1D4401EB744464EA020394
:101860004B402B44334D04EBF32335440B9E15447E
:1018700063EA010262402A442F4D03EBB262354411
:10188000039E0D4462EA0401594029442B4D02EBAA
:10189000B15135442A4E254461EA030454402C4496
:1018A000099D01EB74442E4464EA02051E4485EA56
:1018B00001039D1903681A440AEB040303EBF523A3
:1018C0000260436083681C44C36819448460C1603B
:1018D0000DB0BDE8F08F00BF44EABEA4A9CFDE4B37
:1018E000604BBBF670BCBFBEC67E9B28FA27A1EA40
:1018F0008530EFD4051D880439D0D4D9E599DBE6CD
:10190000F87CA21F6556ACC4442229F497FF2A43F1
:10191000A72394AB39A093FCC3595B6592CC0C8F81
:10192000D15D84854F7EA86FE0E62CFE144301A3B1
:10193000A111084E827E53F735F23ABDBBD2D72AA9
:1019400091D386EB094B036003F18833436003F1C5
:101950002943A3F59613A3F68B638360A3F1883321
:10196000C3600023C0E90433704700BF012345670B
:101970002DE9F8431446026905460E46E300C2F31A
:10198000C50800F118079B18036122BF43690133A2
:10199000436112F4FC7F436903EB5473436114D039
:1019A000C8F1400907EB08004C4504D22246BDE8C7
:1019B000F84307F069BC403C4A464E4407F064FCDB
:1019C000444439462846FFF76FFCA04606EB04095D
:1019D000B8F13F0FA9EB08010AD94022384607F0B9
:1019E00053FC39462846A8F14008FFF75DFCEFE7B5
:1019F000A1096FF03F02384602FB014206EB81115C
:101A0000D5E7000070B50B6901F1180506460C46D4
:101A1000C3F3C503EA18501C8022EA54C3F13F0205
:101A2000072A1FD8002100F06FF929462046FFF74A
:101A30003BFC38220021284600F066F9236929463C
:101A40002046236563696365FFF72EFC214610225B
:101A5000304607F019FC204658220021BDE87040AE
:101A600000F052B9C3F137020021E5E72DE9F84F44
:101A70004FF47A7306460D46002402FB03F7DFF8A5
:101A80005080DFF8509098F900305FFA84FA5A1CC1
:101A900001D0A34210D159F824002A4631460368E8
:101AA000D3F820B03B46D847854205D1074B0120EB
:101AB00083F800A0BDE8F88F0134042CE3D14FF483
:101AC000FA7004F02FFE0020F4E700BFF43300208A
:101AD0001022002014220020002307B50246012115
:101AE0000DF107008DF80730FFF7C0FF20B19DF81A
:101AF000070003B05DF804FB4FF0FF30F9E700008A
:101B00000A46042108B5FFF7B1FF80F00100C0B21A
:101B1000404208BD074B0A4630B41978064B53F8CB
:101B20002140014623682046DD69044BAC4630BCA9
:101B3000604700BFF433002014220020A08601007B
:101B400070B50A4E00240A4D05F06AFA3080286804
:101B50003388834208D905F05FFA2B6804440133C7
:101B6000B4F5003F2B60F2D370BD00BFF633002008
:101B7000B033002005F02EBB00F1006000F500300E
:101B80000068704700F10060920000F5003005F039
:101B9000A3BA0000054B1A68054B1B889B1A8342A9
:101BA00002D9104405F038BA00207047B033002045
:101BB000F633002038B50446074D29B12868204483
:101BC000BDE8384005F040BA2868204405F02AFAFC
:101BD0000028F3D038BD00BFB0330020002070478C
:101BE00000F1FF5000F58F10D0F80008704700009A
:101BF000064991F8243033B100230822086A81F89D
:101C00002430FFF7BFBF0120704700BFB43300206E
:101C1000014B1868704700BF0010005C194B013879
:101C20000322084470B51D68174BC5F30B042D0C37
:101C30001E88A6420BD15C680A46013C82421346CC
:101C40000FD214F9016F4EB102F8016BF6E7013AB9
:101C500003F10803ECD181420B4602D22C2203F897
:101C6000012B0424094A1688AE4204D1984284BF4D
:101C7000967803F8016B013C02F10402F3D1581A83
:101C800070BD00BF0010005C24220020D493000827
:101C900070470000704700007047000070B50446B0
:101CA0004FF47A764CB1412C254628BF412506FBDE
:101CB00005F0641B04F036FDF4E770BD002310B599
:101CC000934203D0CC5CC4540133F9E710BD00004B
:101CD000013810B510F9013F3BB191F900409C4229
:101CE00003D11AB10131013AF4E71AB191F9002098
:101CF000981A10BD1046FCE703460246D01A12F9A6
:101D0000011B0029FAD1704702440346934202D0D6
:101D100003F8011BFAE770472DE9F8431F4D1446FD
:101D20000746884695F8242052BBDFF870909CB394
:101D300095F824302BB92022FF2148462F62FFF767
:101D4000E3FF95F824004146C0F1080205EB80004E
:101D5000A24228BF2246D6B29200FFF7AFFF95F805
:101D60002430A41B17441E449044E4B2F6B2082E5B
:101D700085F82460DBD1FFF73BFF0028D7D108E0CE
:101D80002B6A03EB82038342CFD0FFF731FF002899
:101D9000CBD10020BDE8F8830120FBE7B43300205D
:101DA000024B1A78024B1A70704700BFF4330020C0
:101DB00010220020F8B5194C194803F0BBFF21464A
:101DC000174803F0E3FF24684FF47A70154ED4F8F7
:101DD0009020154DD2F80438114F43F00203C2F899
:101DE0000438FFF75BFF2046104904F0DDF8D4F813
:101DF00090200424D2F8043823F00203C2F80438F7
:101E00004FF4E133336055F8040BB84202D0314649
:101E100003F0EEFE013CF6D1F8BD00BFCC9B0008FC
:101E2000905D0020DC33002014220020D49B0008A9
:101E30000C4B70B50C4D04461E780C4B55F8262003
:101E40009A420DD00A4B002118221846FFF75CFF7A
:101E50000460014655F82600BDE8704003F0C8BE96
:101E600070BD00BFF433002014220020905D0020DC
:101E7000DC3300202DE9F04771B6464B01201D6888
:101E8000454BB3F8008000231A46194602F0C2FD04
:101E90000446802005F03EFA0746002862D0002C58
:101EA00060D03E4EADB24FF0800A7369284643F0D1
:101EB000C0637361D6F8143143F0C063C6F81431BF
:101EC00005F0AAF805EB080200FB05F34FF4D06C0F
:101ED00050434FF03D0E984233D93269520144D4F9
:101EE000D6F81021510140D4216803F100628A60C4
:101EF0002268D7602268C2F804A02268C2F800C035
:101F0000D4F80090D9F8002042F00102C9F800206E
:101F1000D4F80090D9F8002022F01E02C9F8002061
:101F2000D4F80090D9F80020D207FBD494F80C9094
:101F3000803361680EFA09F20A60CCE7002005F0F0
:101F400049F9204602F0A6FD384605F01FFA134B6A
:101F50005A6942F0C0625A61D3F8142142F0C0625B
:101F6000C3F8142161B6BDE8F0870D4B9A6A42F4BC
:101F700000729A629A6A42F400429A6261B600263E
:101F8000012005F027F9B045D8D9A819013605F088
:101F90005BF8F8E7B0330020F63300200020005251
:101FA00000ED00E030B50A44084D91420DD011F823
:101FB000013B5840082340F30004013B2C4013F040
:101FC000FF0384EA5000F6D1EFE730BD2083B8ED7F
:101FD0000121884238BF084605F0D4B908B105F0A0
:101FE000D5B9704710B5084C01220849002001F00E
:101FF000AFFE23783BB1064803F072FD044803F0BE
:10200000A5FD0023237010BDF8430020E4930008D1
:10201000D84600201A4B1B4A2DE9F0411A4E1A658A
:1020200033780BB1FFF7DEFF0324184F4FF00008A1
:10203000134D16492846C7F8048003F079FD284659
:1020400003F0B2FB48B1013C284603F07FFD14F0D9
:10205000FF04EED1204634700FE00D4901220D48F7
:1020600001F076FE014618B1284603F039FDEAE793
:10207000094800F013F801203070BDE8F08100BF7E
:10208000D84600203C220020F84300204C220020AB
:10209000E4930008FC430020E89300080FB40020FC
:1020A00004B070470068704703460068596870477D
:1020B0000B0A017043700B0C090E8370C1707047DE
:1020C000110A027003714170110C120E8170C270FE
:1020D0001A0A42711A0C1B0E8271C37170470000FC
:1020E000C36A0239023B8B4283BF4389006C01FB08
:1020F0000300002070470000C2F307238A76CB76E6
:102100000378032B01BF120C0A75120A4A75704737
:1021100000F10B010022D30143EA520310F8012B16
:1021200052FA83F38842DAB2F5D1104670470000C4
:1021300010B5417804460020013102464901022AC7
:1021400016BFA35C032203EBC03302F101021EBFE2
:102150009BB203EB500398B29142F0D810BD00003F
:1021600002684AB1134613F8011B1F290DD93A29F9
:10217000F9D1911C8B4202D04FF0FF30704712789A
:10218000302AF9D1036000207047014B187870475E
:102190004846002038B50D46044618B909200023EA
:1021A0002B6038BD0368002BF8D01A78002AF5D0D0
:1021B0008188DA889142F1D1587804F04FFC10F010
:1021C0000100EBD12368EBE738B50D4640F2523100
:1021D000144602F0B9F9FF2807D9012C0BD9030ADC
:1021E000022468702B70204638BD30B1002CFAD024
:1021F00001242870F7E70024F5E70446F3E7000020
:102200002DE9F8430026D0F8008005460C468E766E
:10221000836B002B4AD098F80030042B4BD1334607
:102220003546402720E0B7F5187F80F0C480F906D6
:1022300006F1010608BF0237D05B02372BB900F563
:10224000205292B2B2F5006F0DD305F11A01C5F11B
:10225000FF0240EA03402144FFF7B6FF002800F0E8
:10226000AA80054400200346D8F8102092F82310D5
:10227000B142D8D8002B40F09E80002D00F09B800A
:1022800000232544AB766373D8F81020137903F04C
:102290003701DB0621730BD402F13800FFF704FF8E
:1022A000C4E9000193896381D3892381BDE8F88360
:1022B00000200146F4E7C36C01335ED1EA6B0023D2
:1022C0002E26551E184615F8011F013020290CD066
:1022D000052908BFE521092804D10B2B9EBFE7186B
:1022E00001337E73E718013379730B28EBD1E118C2
:1022F00000204873A17E00294BD1002B40D06FF005
:102300000C0604F10D000825361B331810F8011BCC
:10231000002938D02E298BB24AD0A3F141011929C6
:1023200003D8117B0D4200D020330373EDE7B9F1E0
:10233000000F05D100F520539BB2B3F5006F0BD30E
:1023400007F11A01C7F1FF0240EA09402144FFF7F3
:102350003BFF48B10744002002368146D8F80C30D4
:10236000985B0028E3D13846B9F1000F4FF0000226
:1023700018BF002023189A76A0E7B1463746EDE74C
:102380003F23A3760123234400219976137B03B9CD
:102390006373D37A02F11C0003F03F03237300231D
:1023A000FFF780FE20606360D38A6381138B7CE734
:1023B00010250B46B9E73F230125A37660E700000F
:1023C00038B50546002435F8020B08B9204638BD5B
:1023D00002F0EEF86308C2B203EBC43312FA83F3DF
:1023E0009AB2C0F3072303EB520303EBC2339CB250
:1023F000E9E7000037B5C37804461BB90025284635
:1024000003B030BD00F14C01826C01234078019192
:1024100004F04AFB054680B9A36BE070A06C226B08
:10242000C31A9342EAD2A3780199022BE6D102445F
:102430000123607804F038FBE1E70125DFE70000C5
:1024400038B5836C05460C468B4210D0FFF7D2FF9F
:1024500060B92246012305F14C01687804F000FBC5
:1024600000281CBF4FF0FF340120AC6438BD0020B1
:10247000FCE7000038B500230446C3704FF0FF337B
:102480008364FFF7DDFF00284BD1B4F84A524AF6C7
:1024900055239D4207D10B22254904F14C0006F03B
:1024A000E3FE00283FD094F84C30EB2B03D01833D8
:1024B000DBB2012B2ED84AF655239D4206D10822C5
:1024C0001C4904F19E0006F0CFFE48B3B4F8573023
:1024D000B3F5007F1ED194F85930DBB15A1E1A4271
:1024E00018D1B4F85A30ABB194F85C30013B012BF1
:1024F00010D8B4F85D306BB1B4F85F307F2B06D8DC
:1025000004F16C00FFF7CEFDB0F5803F02D3B4F8C4
:10251000623053B94AF6552085420CBF0220032091
:1025200038BD0420FCE70120FAE70020F8E700BFEF
:10253000149400082094000802392DE9F04701F0B6
:1025400007044FF0010A466C05460AFA04F41746E0
:10255000984606EB1136C1F3C809E4B23146284665
:102560000136FFF76DFF18B10120BDE8F0879946ED
:1025700005EB090292F84C30234214BF01210021DF
:10258000414513D06340013F82F84C3085F803A0E9
:10259000EBD0640014F0FF04EAD109F10103012437
:1025A0004FF00009B3F5007FE1D1D7E70220DCE767
:1025B00001290246F8B50C4640F28C800668F36AA1
:1025C0008B4240F287803378013B032B00F28280FC
:1025D000DFE803F00229384B04EB5405B16B3046B9
:1025E00001EB5521FFF72CFF10B14FF0FF30F8BD84
:1025F0006F1CC5F30805B16B3046354401EB57211C
:1026000095F84C50FFF71CFF0028EED1C7F30807E0
:10261000E3073E4496F84C0045EA00204CBF000911
:10262000C0F30B00E3E7B16B304601EB1421FFF779
:1026300007FF0028D9D1640004F4FF742644B6F8DB
:102640004C00D4E7B16B304601EBD411FFF7F8FE34
:102650000028CAD1A40006F14C0004F4FE74204402
:10266000FFF720FD20F07040C1E7D0E90430D579B4
:1026700053EA000101D0916801B95DBB9168022D58
:10268000A4EB01010DD1013B728940F1FF305B0ADF
:1026900043EAC053B3FBF2F399421BD81CD0601C31
:1026A000A5E7032D02D193698B42F8D8D3699BB972
:1026B000B16B304601EBD411FFF7C2FE002894D174
:1026C000A0004C3600F4FE703044FFF7EBFC20F025
:1026D00000408CE701208AE76FF0004087E70000A8
:1026E000F8B5066804460D463378042B0CBF4FF04E
:1026F00080524FF400128A4201D80220F8BDCA0667
:10270000FBD182680163D2B9022B13D83389B3EBB2
:10271000551FF2D9F36BA363A36B6263002BECD05C
:1027200003EB55234C36C5F308050020A36335445D
:10273000E563E3E7F36BC271002BE7D01A467789B4
:102740007F02BD42114604D23046FFF7C9FCA063A8
:10275000E2E72046FFF72CFF431C024606D0012883
:10276000CBD9F36A8342C8D9ED1BEAE70120C5E75C
:1027700001292DE9F04706460C46174608D9C36AD9
:102780008B4205D90378022B62D003D8012B22D0CB
:10279000022552E0033B012BFAD8816B01EBD411E7
:1027A000FFF74EFE0546002847D1A40006F14C0372
:1027B00004F4FE741C443378042B07D0204627F021
:1027C0007047FFF76FFC00F0704007433946204622
:1027D000FFF76EFC2FE001EB5108816B01EB5821F4
:1027E000FFF72EFE054640BB14F0010406F14C092C
:1027F00008F1010AC8F3080808BFFBB230461FBF42
:1028000019F8083003F00F023B0103F0F00318BF82
:10281000134309F808300123B16BF37001EB5A211F
:10282000FFF70EFE054640B9CAF3080A44B1C7F3E4
:10283000071709F80A700123F3702846BDE8F087EE
:1028400019F80A30C7F3032723F00F031F43F0E7FB
:10285000816B01EB1421FFF7F3FD05460028ECD155
:10286000640006F14C0304F4FF741F551919C7F3F3
:1028700007274F70DFE70000F8B504460E461746FD
:10288000E3690BB91846F8BD012BA6EB03052068D8
:1028900014BFAA1C3A46691CFFF76AFF0028F2D150
:1028A000E369013BE361EBE701292DE9F8430646C3
:1028B0000C461746056802D80220BDE8F883EB6A8B
:1028C0008B42F9D97AB9A14621463046A046FFF796
:1028D0006FFE0446B0B92B78042B02D1002F43D1F0
:1028E000F7710020E9E72B78042B02D1C379022B82
:1028F000E9D04FF0FF3239462846FFF739FF00286C
:10290000E1D0DAE70128D7D0421C01D10120D4E779
:102910002B78042B19D1EA6AAB69023A93421CD393
:1029200008F10102A2420CD02B78042B08D100231D
:10293000A2EB090249462846FFF7FEFD0028BCD15C
:10294000A146EB6AA342BFD8C5E70022414628460C
:10295000FFF70EFF0028DED0AFE70133AB612B7924
:1029600043F001032B71DBE7F3798BB9B468BC4208
:1029700002D10223F371B4E721463046FFF718FE77
:10298000012899D9431CC1D001348442EFD0A8E773
:10299000032BA6D1B368BB42A3D8B2691344BB4290
:1029A0009FD3E6E770B5C3790446032B06D181684F
:1029B0008369CD18A94203D10023E371002070BDC3
:1029C0004E1C20683246FFF7D3FE0028F7D131466F
:1029D000F0E700002DE9F74305460191FFF70AFDF6
:1029E0000446002849D105F14C09019928464FF4C5
:1029F0000072FFF775FB2146A86407464846FFF7BB
:102A000083F96C896402B4F5004F28BF4FF4004489
:102A1000B4F5007F2FD9204604F0BCFC804630B1CD
:102A200022460021640A0026FFF76EF909E06408D7
:102A3000EEE72346BA194146687804F035F818B92C
:102A400026446B899E42F4D3404604F0B3FC688967
:102A5000801B18BF012003B0BDE8F08301366B89ED
:102A60009E42F4D20123BA194946687804F01CF852
:102A70000028F3D0EBE70026F1E70120EBE70000A8
:102A8000F8B50446FFF7B6FC0546002842D1237886
:102A9000032B37D12779012F34D104F14C0601469D
:102AA0004FF400723046FFF72FF95523412272216F
:102AB00084F84A32AA2304F50D7084F84F2084F874
:102AC0004B32522384F8301284F84C3084F84D3065
:102AD000612384F8311284F84E3084F83332A169CE
:102AE00084F83222FFF7E4FA616904F50E70FFF70B
:102AF000DFFA626B3B46314601326078A26403F034
:102B0000D3FF257100226078114603F0F1FF0038F1
:102B100018BF0120F8BD000000232DE9F0430B6031
:102B200085B00F461546FFF71BFB061EC0F2B281AB
:102B3000804B53F82640002C00F0AE813C6005F03D
:102B4000FE0523786BB1607803F088FFC70708D4CF
:102B50001DB110F0040500D00A25284605B0BDE8D7
:102B6000F0830023F0B22370607003F063FFC107AD
:102B700000F194810DB14207EED400212046FFF709
:102B800079FC022840F099806E4604F2122304F288
:102B90005221324618461033FFF784FA42F8040BEC
:102BA0008B42F7D1002556F8041B00297DD0204622
:102BB000FFF760FC012879D80128A26C40F0C080A2
:102BC00004F1570304F18C0113F8015B002D7BD154
:102BD0008B42F9D1B4F8B430B3F5807F74D194F856
:102BE000B830092B70D104F19400FFF75DFA4FF073
:102BF000FF33171841F10001BB4275EB010363D3AA
:102C000004F1A000FFF74EFA94F8BA302063012BCC
:102C1000A37059D194F8B99003FA09F91FFA89F30E
:102C20006381002B50D0444B04F1A800FFF73AFA1F
:102C30000646984248D8831C626304F1A400E3620C
:102C4000FFF730FA00EB020804F19C00C4F8408062
:102C5000FFF728FA10441FFA89F2A06306FB02F37B
:102C600013EB080345EB05029F4271EB02032BD3E4
:102C70002E4604F1AC00FFF715FAE06365B96389ED
:102C8000B34221D9E16B2046FFF72AFA8119204689
:102C9000FFF7D6FB98B90136631993F84C30812BB6
:102CA00014D02035C5F30805E8E703200135042DCD
:102CB0007FF479AF042807D101E0042801D1012570
:102CC0004BE701287FF678AF0D2546E705F11400A4
:102CD00004F14C063044FFF7E5F901280546F3D925
:102CE000E36A8342F0D96189821E236C02FB0133BF
:102CF0006364A16B204601EBD511FFF7A1FB00280F
:102D0000DDD105F07F0006EB8000FFF7CBF9431C17
:102D100003D00135A842ECD0D6E70425C4E905006C
:102D2000064A257000251388E56101339BB21380A4
:102D3000E38012E74C460020FDFFFF7F5046002055
:102D4000B4F85730B3F5007FBED1B4F8626026B94D
:102D500004F17000FFF7A6F9064694F85C3026638C
:102D6000591EA3700129AFD894F859506581002DE0
:102D7000AAD0691E2942A7D1B4F85D8018F00F0FC0
:102D8000A4F80880A0D1B4F85F0018B904F16C0071
:102D9000FFF788F9B4F85A10002995D006FB03FE16
:102DA00001EB181CF44460458ED3A0EB0C00A84244
:102DB000B0FBF5F388D33E48834285D84FF6F570D3
:102DC00083426DD903259F1C114402EB0C03032D94
:102DD000E7626263A16323644CD1B4F8763053EAAE
:102DE00008037FF471AFBB0004F17800FFF75AF9D4
:102DF000E06303F2FF13B6EB532FFFF465AF4FF020
:102E0000FF33032DC4E905334FF08003237187D1CD
:102E1000B4F87C30012B83D1511C2046FFF710FB06
:102E200000287FF47DAFB4F84A224AF6552320717A
:102E30009A427FF475AF1F4B04F14C00FFF732F953
:102E400098427FF46DAF03F1FF5304F50C70FFF768
:102E500029F903F50053203398427FF461AF04F55C
:102E60000D70FFF71FF9A06104F50E70FFF71AF956
:102E7000606155E7B8F1000F3FF426AF7144022DB1
:102E80004FEA4703E1631EBFD91907F0010303EBC3
:102E90005103AEE70B2560E60C255EE603255CE6F4
:102EA00040F6F575AB428CBF022501258BE700BFCC
:102EB000F5FFFF0F525261412DE9F84F07460568B3
:102EC000884649B96E69C6B1EB6AB34298BF01261C
:102ED000AB69A3B9002405E0FFF76AFB01280446AB
:102EE00003D801242046BDE8F88F421C00F0D280B0
:102EF000EB6A8342F6D84646EAE70126E8E72A78F5
:102F0000EB6A042A40F08380A6F1020A023B4FF0EC
:102F1000010B9A4528BF4FF0000AD146696C28463C
:102F200001EB1931FFF78CFA00283BD109F00703B8
:102F3000EA6AC9F3C8010BFA03F3901EDBB26A1800
:102F40004C4609F1010992F84C20814502EA03023E
:102F500033BF5B0000234FF40071DBB228BF9946FA
:102F6000B2B90234631E0333BCD80123214628467C
:102F70001A46FFF7E1FA0228B3D0012800F08A8050
:102F8000B8F1000F13D10223FB710028A9D130E062
:102F9000CA450AD0002BD2D10131B1F5007FBDD294
:102FA0000123CCE74FF0FF34DCE70024DAE7FB79BC
:102FB000022B07D1731CA342E7D0BB68F31ABB6195
:102FC0000323FB7108F10102FB69A24205D113B191
:102FD0000133FB61D9E70223FBE70BB90123FB6156
:102FE000224641463846FFF747FC00284FD10123CF
:102FF000FB61EA6AAB69023A6C6193429CBF03F1E0
:10300000FF33AB612B7943F001032B716AE746452F
:1030100014D1741C3846A34298BF02242146FFF7FE
:10302000C7FA01283FF45DAF431C33D0E0B16B69B0
:10303000012B03D9EA6A934238BF1E463446013455
:10304000EB6AA34203D8012E7FF644AF0224214647
:103050003846FFF7ADFA48B101283FF442AF0130DE
:1030600018D0B442EBD135E7002CE7D04FF0FF3257
:1030700021462846FFF77CFB48B9B8F1000FB8D0CD
:10308000224641462846FFF773FB0028B1D00128AD
:103090007FF427AF4FF0FF3424E700002DE9F84319
:1030A00006680446076B894633782037042B0CBF2B
:1030B0004FF080534FF40013BB429CBF0023836347
:1030C000836B73B1C7F30808B8F1000F3CD101332B
:1030D000416B836339B93389B3EB571F34D800236D
:1030E000A36304200AE07389013B13EA57232BD121
:1030F000FFF75EFA0128054602D80220BDE8F883F2
:10310000421C01D10120F9E7F36A834216D8B9F1D4
:10311000000FE4D0616B2046FFF7CEFE0546C8B134
:103120000128EAD0431CEDD001463046FFF752FC9F
:103130000028E7D1E37943F00403E37129463046E0
:103140006563FEF7CDFFA0634C360020276346443D
:10315000E663D3E70720D1E7F8B50E460021044621
:103160000768FFF7BDFA98B90546A16B3846FFF727
:1031700067F968B93A78E36B042A1B780CD11B060F
:103180000ED5054601212046FFF788FF0028ECD028
:10319000042808BF072006E0E52B01D0002BF0D162
:1031A0000135B542EED1F8BDC16C4B1C2DE9F041A3
:1031B00004460568066B1FD1E5274FF00108A16B97
:1031C0002846FFF73DF998B92A78E36B042A09BF2E
:1031D0001A781F7002F07F021A7085F80380236B43
:1031E000B3420DD200212046FFF758FF0028E6D059
:1031F000042808BF022003E0FFF772FA0028DBD0A2
:10320000BDE8F0812DE9F04105460068A96B06692B
:10321000FFF716F9044620B9EB6B1A78852A03D01C
:1032200002242046BDE8F081324603F1200153F824
:10323000040B8B4242F8040BF9D1777801377F01F8
:10324000A7F16003B3F5007FEAD800212846FFF715
:1032500025FF04280446E3D00028E2D1A96B2868A2
:10326000FFF7EEF804460028DBD1EB6B1A78C02A92
:10327000D6D106F1200203F1200153F8040B8B4252
:1032800042F8040BF9D196F823300F222C33B3FB0C
:10329000F2F3B7EB431FC3D34FF040080021284699
:1032A000FFF7FCFE04280446BAD00028B9D1A96B68
:1032B0002868FFF7C5F804460028B2D1EB6B1A78EE
:1032C000C12AADD1B8F5187F09D206EB080203F187
:1032D000200153F8040B8B4242F8040BF9D108F19A
:1032E00020084745DAD8B8F5187F9AD83046FEF757
:1032F0001FFF7388834294D092E700000B6800227E
:1033000010B5036004460B6A83604B6AC261C371E7
:1033100023F0FF03896AC0E90432C164FFF7E0F9D2
:1033200020B92046BDE81040FFF76CBF10BD00007B
:10333000F8B50368054601271C692046FEF7F8FE2C
:10334000A070000A6678E0702846E96CFFF7C8F9BB
:1033500020B1022828BF0220C0B2F8BDA96B28689E
:10336000FFF76EF80028F4D1EB6B04F1200254F85B
:10337000041B944243F8041BF9D12B68DF70002E24
:10338000E7D000212846013EFFF788FEE0E7000075
:103390002DE9F8434FF0FF08064607680424454628
:1033A0004FF6FF79B16B11B9002C73D063E038464A
:1033B000FFF746F8044600285DD1F06B0378002B38
:1033C0006ED03A78042A11D1852B4DD1336B30461B
:1033D000F364FFF717FF044600284CD13B691B79C3
:1033E00003F03F03B3712046BDE8F883C27AE52BB2
:1033F00002F03F02B27143D02E2B41D022F02001C7
:1034000008293DD00F2A40D1590637D503F0BF0512
:10341000336B90F80D80F364437B434530D1428B8E
:1034200072BB03780D21FC6823F04003DFF874E0E1
:10343000013B4B4301211EF801CB30F80CC009B30E
:10344000FF2B1DD824F813C06146013301320D2A29
:10345000F1D10278520605D521B1FF2B10D80022F8
:1034600024F81320013DEDB200213046FFF716FE8F
:103470000446002896D00023B363B4E7AB42CBD018
:10348000FF25F1E7CC45E1D0FAE72DB9FEF740FE84
:10349000404501D10024A6E74FF0FF33F364A2E7D3
:1034A0000424E8E7BC9400082DE9F04F002187B020
:1034B0000446D0F80090FFF713F9804670B999F8E8
:1034C0000030042B33D1D9F80C00FEF779FF074602
:1034D0002046FFF75DFF054620B18046404607B015
:1034E000BDE8F08FD9F810309A8CBA42F0D193F839
:1034F00023B040265D4506D1D9F80C3033F815309D
:10350000002BE5D1EAE7F106D9F8103008BF023602
:10351000985B01F04DF8D9F80C30824633F815006D
:1035200001F046F88245D3D102360135E2E74FF08B
:10353000FF0A4FF0FF3B5546C4F84CB0A16B48461C
:10354000FEF77EFF00285CD1E66B3778002F77D03E
:10355000F27AE52F02F03F03A37103D0120704D5DE
:103560000F2B04D0C4F84CB04FE00F2B54D194F87B
:103570004B3058063FD4790645D5236B07F0BF077B
:1035800096F80DA0E364737B53453ED1738B002BFB
:103590003BD135780121D9F80C3005F03F05019376
:1035A0000D23013D5D43284B13F8012BB25A71B333
:1035B000FF2D059329D81046049200F0F9FF6B1CEB
:1035C00003900293019B33F8150000F0F1FF03997B
:1035D00081421AD1049A029D1146059B1B4A9342CF
:1035E000E2D133785A0604D519B1019B33F815306E
:1035F0005BB97D1EEDB200212046FFF74FFD00288C
:103600009CD080466AE7BD42BDD0FF25F3E74FF668
:10361000FF708242E2D0F8E72DB93046FEF778FD20
:1036200050453FF45BAF94F84B30DB079AD40B2244
:1036300004F14001304605F017FE002892D14DE715
:103640004FF004084AE700BFBC940008C994000882
:103650002DE9F04F90F84BB099B004461BF0A0054F
:1036600040F068810668F26832F81530002B4AD1C4
:103670003378042B40F087800F230E352046B5FBAE
:10368000F3F5A91CFFF768FD8146002877D1236B6D
:103690000135A3EB4515E3795A07E56435D523F0E9
:1036A00004032046E371FFF77DF950BB4FF0FF3272
:1036B000616B2046FFF7E0F818BBA3682BB32146E7
:1036C00004A8FFF71BFEE0B970894FF40071D4E93C
:1036D0000423E0FB01233069C4E904233830FEF7FA
:1036E000EFFC3069D4E904232830FEF7E9FCE379E4
:1036F000326904A843F0010382F82130FFF718FE75
:1037000018B181463BE00135AEE7D6E903544022CB
:1037100000212046FEF7F8FA85230121402223707C
:10372000C0234FF0C10C04EB010884F820300023C3
:103730001E469E46571C04F802C0F0B2023204F83E
:1037400007E021B135F8131009B10133DBB20F0ADC
:10375000A15408F802700232D706F2D135F813707E
:103760000136002FE6D184F82330831C284663708D
:10377000FEF726FE84F82400000A84F82500484657
:1037800019B0BDE8F08F04F140070DF1100A1BF0ED
:10379000010F97E807008AE8070000F0D380402374
:1037A0004FF0010884F84B30BC46F368B8F1050FC0
:1037B0009AE80700ACE803002CF8022B4FEA12420B
:1037C0008CF8002059D9981E424630F8021F002973
:1037D00042D10DF10F0C072102F00F0E9146120994
:1037E0000EF13000392888BF0EF1370001390CF88E
:1037F000010902D0B9F10F0FEED818AB7E205A188C
:1038000002F8580C38460022914206D010F801CB3D
:1038100002F1010EBCF1200F31D104F13F0C072958
:1038200002F1010297BF18AB20205818013198BF50
:1038300010F8580C072A0CF80200F0D92046FFF7C0
:1038400033FE8146002878D108F10108B8F1640FF1
:10385000AAD14FF0070992E74FF0100C01F0010ECA
:1038600049080EEB4202D30344BF82F4883282F04F
:103870002102BCF1010CF1D1A7E74246A9E772464B
:10388000C2E7216B2046A1EB4511FEF729FF8146D7
:1038900000287FF474AF4FF6FF783846FEF738FC07
:1038A0000190A16B3046FEF7CBFD814600287FF4E6
:1038B00066AFE36BE9B2019A4FF00D0CD6F80CE05D
:1038C0005A734FF00F02DFF8E0A0DA724A1E187345
:1038D0000CFB02F284469876D87640451AF8019B94
:1038E0000CF1010C18BF3EF8120003EB090B18BFD6
:1038F000013203F809004FEA1029002808BF4046AA
:10390000BCF10D0F8BF80190E7D1404502D03EF895
:1039100012200AB941F0400119700123002120460C
:10392000F370FFF7BBFB814600287FF428AF013D11
:10393000B7D11BE04FF0060921E704287FF41FAF41
:1039400084F84BB01BF0020F20461BBF0C350D2135
:103950000125B5FBF1F518BF01352946FFF7FCFB42
:10396000814600287FF40BAF013D8AD1A16B304620
:10397000FEF766FD814600287FF401AF0146202254
:10398000E06BFEF7C1F9E36B03CF18605960BA78BA
:1039900039889A72198194F84B30E26B03F018035E
:1039A00013730123F370EAE6BC94000810B50446D3
:1039B0000A463430FEF776FB886004F13800FEF7E3
:1039C00073FBC2E9040194F8213003F00203D371C0
:1039D0000023D36110BD000003284B8B04BF8A8AEB
:1039E00043EA0243184670472DE9F04F0B7899B02F
:1039F000044689462F2BD0F800B001D05C2B09D1AA
:103A00004A461378914601322F2BFAD05C2BF8D01E
:103A1000002301E0DBF81C30A3600023E3619BF886
:103A20000030042B1ED1A368E3B1DBF8203021461F
:103A300004A82362DBF824306362DBF82830A36239
:103A4000FFF75CFC0346002854D1DBF8102002F19C
:103A50003800FEF727FBC4E9040392F8213003F095
:103A60000203E37199F800301F2B00F235818023A7
:103A70000021204684F84B3019B0BDE8F04FFEF726
:103A80002FBE49460B78894601312F2BFAD05C2B8B
:103A9000F8D01F2B8CBF00250425012F2FD11388B0
:103AA0002E2B31D1002322F8173004F140029F421F
:103AB0008CBF2E21202101330B2B02F8011BF6D1E4
:103AC00045F02005204684F84B50FFF7EDFC94F8B4
:103AD0004B30002800F0E78004280BD1990603F052
:103AE000040240F1DC80002A00F0F68080230020F0
:103AF00084F84B3019B0BDE8F08F0425CDE7022FD4
:103B000002D153882E2BCAD0911E87BB002322F8E6
:103B10001730002F00F0118132F8130019460133DD
:103B20002028F9D009B92E2801D145F00305901EAF
:103B300030F817302E2B01D0013FF9D14FF0203350
:103B40004FF0000A6364D0462364C4F8473008236A
:103B5000481C32F811600090F6B1202E03D02E2EB2
:103B60000DD1B84210D045F003050099F0E731F8C7
:103B70001730202B01D02E2BC8D1013FC5E79A4525
:103B800005D20099B9423BD10B2B30D101E00B2B70
:103B900027D145F003050B2394F84020E52A04BF04
:103BA000052284F84020082B04BF4FEA88085FFAFA
:103BB00088F808F00C030C2B03D008F00303032B48
:103BC00001D145F00205A8073FF57CAF18F0010FC1
:103BD00018BF45F0100518F0040F18BF45F0080590
:103BE00070E70099B94202D045F00305D4D84FEAF6
:103BF00088080B234FF0080A00975FFA88F8B4E7AB
:103C00007F2E15D9304640F25231CDE9022345F0DE
:103C10000203019300F098FC10F0800F0646DDE9E6
:103C2000022316D000F07F0646498E5D019D46B303
:103C300031464548CDE9012305F040FBDDE901238C
:103C4000F8B9A6F1410189B219291ED848F0020835
:103C500010E0FF28EAD9591E8A4503D345F0030531
:103C60009A4682E704EB0A01000A0AF1010A019D63
:103C700081F8400004EB0A010AF1010A81F8406072
:103C800073E745F003055F26F4E7A6F1610189B209
:103C900019299EBF203E48F00108B6B2EAE7002A83
:103CA00008BF052026E75A073FF524AFA379DB06B6
:103CB00045D59BF80000042835D1A3682146E27958
:103CC00023622369DBF8100023F0FF0313436362D0
:103CD000E36CA362FFF76AFE23680027DA6819F82D
:103CE000010B00283FF409AF40F25231009200F07E
:103CF0004BFC054608B31F28009A7FF6FEAE2F281E
:103D00003FF4BFAE5C283FF4BCAE7F2805D8014627
:103D10000E4805F0D3FA009A78B9FF2F0DD022F89B
:103D200017500137DBE7216B0BF14C03C1F308019E
:103D30001944FFF751FEA060CEE70620DAE6052021
:103D4000D8E600BF3C940008359400082C94000885
:103D50001FB5CDE9001003A814460391FEF700FA41
:103D6000002815DB0B4A52F820300BB100211970E6
:103D7000019B0BB10021197042F820302CB10022B8
:103D800001A96846FEF7C8FE0446204604B010BDEF
:103D90000B24FAE74C4600202DE9F04798B09046F6
:103DA00005460191002800F0528102F03F0603A968
:103DB00001A83246FEF7B0FE002840F04681039B82
:103DC0004FF48C60049303F0E5FA0746002800F0F6
:103DD0004081039B00F500720199D86004A81A6124
:103DE000FFF702FE044620B99DF95B30002BB8BFF7
:103DF000062418F01C0F00F0CD80002C4CD0042CB1
:103E000040D104A8FFF724FC044600283AD146F02C
:103E10000806039B1A78042A40F083801869294613
:103E20002B60FFF7C3FD039B1E220021186902309F
:103E3000FDF76AFF039C00211A2220692630FDF756
:103E400063FF236920221A71246903F0DDFA014619
:103E5000012208342046FEF72BF9039B04A81B69B6
:103E600083F82120FFF764FA044658B9A96801B322
:103E700002462846FEF718FDAB68039A0446013B4C
:103E80005361B4B1384603F095FA0CB100232B60AE
:103E9000204618B0BDE8F0879DF8163013F0110FDA
:103EA00040F0848018F0040F40F0C98018F0080F2B
:103EB000AFD1039A31071399936C48BF46F040067F
:103EC000E964AB641078042872D1069B9DF8171042
:103ED0002B62089B106923F0FF030B4329466B629A
:103EE000179BAB62FFF762FDDDF80CA000240022F7
:103EF00005F15008BAF8063021464046C5F800A042
:103F0000AB80002385F8306085F831406C64C5E9EA
:103F10000E234FF40072FDF7F7FEB20653D40024CF
:103F2000B0E703F071FA0146009013980E30FEF7E7
:103F3000BFF8139800991630FEF7BAF8039C13994E
:103F40002078FFF749FD202300228046CB722046CF
:103F50001399FEF7D1F8139B002201211A775A77A3
:103F60009A77DA77039BD970B8F1000FA1D0414658
:103F700004A8D3F84890FEF797FC0446002881D1A6
:103F800049460398FEF75CFA039B044608F1FF30AC
:103F9000586176E7002C7FF475AF9DF81630DC068B
:103FA0004FD418F0020F84D0D80782D5072469E7D0
:103FB000FFF712FD0023A86001F11C00FEF772F864
:103FC0006B61286190E7D5E9046956EA0903A6D038
:103FD000BAF80AA0A9684FEA4A2AC5E90E69B245AB
:103FE00074EB09031BD300242964002C7FF44AAF2F
:103FF000C6F30803002B92D0039C2046FEF770F80E
:1040000008B3760A0123414646EAC95682196A6412
:10401000607802F025FD041E18BF012432E728460F
:10402000FEF7C6FAB6EB0A06014669F10009012857
:1040300003D9431CD3D10124D6E70224D4E70824B2
:1040400020E704241EE702241CE704461EE7092497
:104050001EE711241CE700002DE9F04F994685B0BA
:104060000023884603A90446C9F800301646FEF727
:1040700091F8054680BB94F831506DBB94F8303010
:1040800013F00103009300F0A68004F1500AD4E974
:104090000432D4E90E011B1A62EB0102B34272F141
:1040A000000238BF1E46BEB1D4E90E10C1F30803AA
:1040B000002B40F08280039B5A894B0A013A43EA65
:1040C000C0531A401BD151EA000309D1A06801284E
:1040D0000DD8022584F83150284605B0BDE8F08F90
:1040E000216C20460192FEF763FA019AEFE7431C28
:1040F00004D10123009D84F83130EDE72064DDF820
:104100000CB0216C5846FDF7EBFF0028E1D0B6F566
:10411000007F02EB000731D3BBF80A1002EB5620F8
:10412000730A88429BF8010088BF8B1A3A464146C1
:10413000019302F095FC0028DBD194F93020019B1B
:10414000002A0BDA606CC01B984207D24FF4007251
:10415000514608EB4020FDF7B1FD019B5F02D9F805
:104160000030F61BB8443B44C9F80030D4E90E32A5
:10417000DB1942F10002C4E90E3294E7626CBA42E4
:104180001AD094F93030002B0DDA012351469BF8F8
:10419000010002F089FC0028ABD194F8303003F024
:1041A0007F0384F83030039801233A465146407823
:1041B00002F056FC00289CD16764A16B4046C1F315
:1041C0000801C1F500775144B74228BF37463A4647
:1041D000FDF774FDC3E707257EE7000070B596B0D4
:1041E0000E460022019002A901A8FEF795FC0446A4
:1041F000E0B94FF48C6003F0CDF80546D8B1029BCE
:1042000000F500720199D86002A81A61FFF7ECFB73
:10421000044640B99DF95330002B0ADB1EB13146EC
:1042200002A8FDF7EDFF284603F0C4F8204616B0BB
:1042300070BD0624F7E71124F8E7000070B5B8B0A8
:104240000222019003A901A8FEF766FC044608BB00
:10425000039B4FF48C60109303F09CF805460028F4
:1042600066D0039B00F500720199D86010A81A610E
:10427000FFF7BAFB044650B99DF88B30980655D429
:10428000190653D49DF84630DA0706D50724284688
:1042900003F090F8204638B070BD039B0493187863
:1042A000042814D104A91869FFF780FB069E9DF825
:1042B0004630DB0610D410A8FEF776FF044600282F
:1042C000E5D156BB0398FEF7DBFB0446DFE71F99F9
:1042D000FFF782FB0646EAE7039BDA69B242D5D0D4
:1042E00024930021269624A81B78042B01BFDDE926
:1042F0000823CDE928239DF817308DF89730FEF775
:10430000EFF904460028C2D124A8FFF741F804467B
:104310000028BBD00428BAD1CDE70246314604A814
:10432000FEF7C2FA04460028B1D1CBE70624AEE777
:104330001124AFE7F0B5BDB0CDE900106846FDF738
:104340000FFF022203A901A8FEF7E6FB044600289E
:1043500041D1039B4FF48C60149303F01BF8054686
:10436000002800F0EE80039B00F5007214AE019966
:10437000D8601A613046FFF737FB044640BB9DF812
:104380009B3013F0A00F40F0D880039B009F1A7859
:10439000042A68D11B6904AC03F1400C1868083387
:1043A00053F8041C2246634503C21446F6D150223A
:1043B000314628A8FDF782FC394628A8FFF714FBF0
:1043C000044600284CD12A9A169B9A4206D008240B
:1043D000284602F0EFFF20463DB0F0BD349A209B06
:1043E0009A42F4D128A8FFF733F904460028EFD108
:1043F000039B04AF1B6993F801E093F823C09C8CE6
:104400003A46083303CAB24243F8080C43F8041C86
:104410001746F5D1039B28A81B6983F801E0039B8D
:104420001A6982F823C01A6982F82440240A82F8A3
:1044300025401A691379D9065CBF43F02003137134
:10444000FEF776FF04460028C2D13046FEF7ACFEE8
:1044500004460028BCD10398FEF712FB0446B7E7D8
:104460000428B5D1BEE7239A04AB02F1200C1068F2
:10447000083252F8041C1C46624503C42346F6D198
:104480005022314628A8FDF719FC394628A8FFF725
:10449000ABFA044600284CD12A9A169B9A4296D130
:1044A000349A209B9A4292D128A8FFF7D1F804466B
:1044B00000288DD137990DF11D030DF12D0001F16B
:1044C0000D0253F8044B834242F8044BF9D118888B
:1044D000012710809B7893709DF81B30039CDA06AF
:1044E00058BF43F02003CB72E770CB7ADB06ACD524
:1044F000169A2A9B9A42A8D02078FFF76DFA0146B7
:104500002046FDF7EDFD0146C8B12046FDF798FFB6
:10451000044600287FF45CAF039890F86D302E2B92
:1045200093D12A9A00F16C01FDF7E6FD039BDF7041
:104530008BE704287FF44CAFB6E7062448E7022453
:1045400046E7112447E700007F2810B501D880B264
:1045500010BDB0F5803F13D240F2523399420FD1D3
:104560000849002231F8024B93B2844203D103F18F
:104570008000C0B2ECE70132802AF3D11346F6E79F
:104580000020E5E77C9700087F280DD940F25233E0
:10459000994208D1FF2806D800F10040034B80382B
:1045A00033F8100070470020704700BF7C97000868
:1045B000B0F5803FF0B522D21F4A83B21F49B0F553
:1045C000805F28BF0A46141D34F8042C2146AAB186
:1045D000934213D334F8025C2E0AEFB252FA85F5F7
:1045E000A84222DA082E09D8DFE806F0050A1012E0
:1045F0001416181A1C00801A34F810301846F0BD32
:10460000981A00F001001B1A9BB2F7E7103BFBE77A
:10461000203BF9E7303BF7E71A3BF5E70833F3E7D0
:10462000503BF1E7A3F5E353EEE70434002ECBD182
:1046300001EB4702C7E700BFCC940008C096000812
:1046400008B5074B074A196801F03D0199605368A6
:104650000BB190689847BDE8084003F0D1B800BF9F
:10466000000002405446002008B5084B196889092B
:1046700001F03D018A019A60054AD3680BB11069C7
:104680009847BDE8084003F0BBB800BF00000240F7
:104690005446002008B5084B1968090C01F03D018B
:1046A0000A049A60054A53690BB190699847BDE8BE
:1046B000084003F0A5B800BF0000024054460020A7
:1046C00008B5084B1968890D01F03D018A059A600B
:1046D000054AD3690BB1106A9847BDE8084003F05A
:1046E0008FB800BF000002405446002008B5074BB9
:1046F000074A596801F03D01D960536A0BB1906ACD
:104700009847BDE8084003F07BB800BF00000240B6
:104710005446002008B5084B5968890901F03D014D
:104720008A01DA60054AD36A0BB1106B9847BDE87D
:10473000084003F065B800BF000002405446002066
:1047400008B5084B5968090C01F03D010A04DA600C
:10475000054A536B0BB1906B9847BDE8084003F0D6
:104760004FB800BF000002405446002008B5084B77
:104770005968890D01F03D018A05DA60054AD36B5D
:104780000BB1106C9847BDE8084003F039B800BF82
:10479000000002405446002008B5074B074A19683C
:1047A00001F03D019960536C0BB1906C9847BDE8E6
:1047B000084003F025B800BF000402405446002022
:1047C00008B5084B1968890901F03D018A019A6012
:1047D000054AD36C0BB1106D9847BDE8084003F053
:1047E0000FB800BF000402405446002008B5084B33
:1047F0001968090C01F03D010A049A60054A536DDD
:104800000BB1906D9847BDE8084002F0F9BF00BFBA
:10481000000402405446002008B5084B1968890D71
:1048200001F03D018A059A60054AD36D0BB1106E07
:104830009847BDE8084002F0E3BF00BF0004024013
:104840005446002008B5074B074A596801F03D015E
:10485000D960536E0BB1906E9847BDE8084002F0E6
:10486000CFBF00BF000402405446002008B5084BEB
:104870005968890901F03D018A01DA60054AD36E61
:104880000BB1106F9847BDE8084002F0B9BF00BFF8
:10489000000402405446002008B5084B5968090C32
:1048A00001F03D010A04DA60054A536F0BB1906FC5
:1048B0009847BDE8084002F0A3BF00BF00040240D3
:1048C0005446002008B5084B5968890D01F03D0198
:1048D0008A05DA60054AD36F13B1D2F88000984791
:1048E000BDE8084002F08CBF00040240544600209E
:1048F00000230C4910B51A460B4C0B6054F82300EA
:10490000026001EB430004334260402BF6D1074ABA
:104910004FF0FF339360D360C2F80834C2F80C3410
:1049200010BD00BF544600207C98000800000240E3
:104930000F28F8B510D9102810D0112811D012283E
:1049400008D10F240720DFF8C8E00126DEF8005068
:10495000A04208D9002653E00446F4E70F240020C3
:10496000F1E70724FBE706FA00F73D424AD1264C5F
:104970004FEA001C3D4304EB00160EEBC000CEF8DE
:104980000050C0E90123FBB273B12048D0F8D83001
:1049900043F00103C0F8D830D0F8003143F00103F0
:1049A000C0F80031D0F8003117F47F4F0ED017480F
:1049B000D0F8D83043F00203C0F8D830D0F8003136
:1049C00043F00203C0F80031D0F8003154F80C0075
:1049D000036823F01F030360056815F00105FBD190
:1049E00004EB0C033D2493F80CC05F6804FA0CF44C
:1049F0003C6021240560446112B1987B00F00AFDFF
:104A00003046F8BD0130A3E77C9800080044025806
:104A10005446002010B5302484F31188FFF788FF36
:104A2000002383F3118810BD10B50446807B00F08D
:104A300007FD01231549627B03FA02F20B6823EAA2
:104A40000203DAB20B6072B9114AD2F8D81021F021
:104A50000101C2F8D810D2F8001121F00101C2F80A
:104A60000011D2F8002113F47F4F0ED1084BD3F878
:104A7000D82022F00202C3F8D820D3F8002122F077
:104A80000202C3F80021D3F8003110BD54460020C3
:104A90000044025808B5302383F31188FFF7C4FFA0
:104AA000002383F3118808BD836CC26A8B4250686F
:104AB00010B506D95A1E4C0002EB4103B3FBF4F3C8
:104AC000184410BD01F001038A0748BF43F00203F8
:104AD0004A0748BF43F008030A0748BF43F00403EE
:104AE000CA0648BF43F010038A06426B48BF43F032
:104AF000200313434363704710B5074C204601F071
:104B00000BF8064B0022C4E91023054BA364054BA8
:104B1000E363054BE36410BDD8460020002402483F
:104B200000B4C4042C4700202C490020C36A0BB9F0
:104B3000104BC3620379012B11D10F4B98420ED158
:104B40000E4BD3F8DC2042F40072C3F8DC20D3F81B
:104B5000042142F40072C3F80421D3F80431436CF9
:104B600000221A65DA621A605A605A624FF0FF3208
:104B70009A6370477C990008D84600200044025888
:104B80000379012B1BD0436C00221A65DA621A608C
:104B90005A605A624FF0FF329A63094B98420ED125
:104BA000084BD3F8DC2022F40072C3F8DC20D3F8E1
:104BB000042122F40072C3F80421D3F804317047B1
:104BC000D84600200044025810B5446C0649FFF74F
:104BD0006BFF6060236842F2107043F003032360B0
:104BE000BDE8104001F09EBD801A06000129F8B50D
:104BF000466C0B4F09D175680A493D40FFF754FFD9
:104C0000054345F480557560F8BD746806493C401D
:104C1000FFF74AFF044344F480547460F4E700BF94
:104C200000ECFFFF80F0FA0240787D01436C002227
:104C30005A601A6070470000426C0129536823F4DF
:104C4000404304D0022905D001B95360704743F4B2
:104C50008043FAE743F40043F7E70000436C41F474
:104C600080519A60D9605A6B1206FCD580229A63F3
:104C70007047000010B541F48851446CA260E160B7
:104C8000616B11F04502FBD0A26311F0040203D066
:104C9000FFF718FF012010BD616910461960FAE79F
:104CA00010B541F48851446CA260E160616B11F071
:104CB0004502FBD0A26311F0050203D0FFF702FF0B
:104CC000012010BD616910461960FAE773B51346FB
:104CD00004460E46302282F31188426CD26B32B108
:104CE0004FF0FF314030019301F028FD019B606CD3
:104CF00000220265C263C262456B15F4807504D15F
:104D000085F31188012002B070BD4FF0FF3181633F
:104D100082F31188012E06D90C21204602B0BDE88D
:104D20007040FFF7BDBF1046EDE7000073B5446C5F
:104D30000E4600250192616BA1632565E562FFF7D0
:104D4000C1FE012E07D9019B2A460C2102B0BDE805
:104D50007040FFF7A5BF02B070BD000010B541F470
:104D60009851446CA260E160616B11F04502FBD088
:104D7000A26311F03F0203D0FFF7A4FE012010BD93
:104D8000216A10461960E1695960A16999606169F9
:104D9000D960F4E72DE9F74304460191006D01A9BC
:104DA0001746984602F054FC064600284AD0626C2A
:104DB0002046DDF804905568C5F3090501356B0000
:104DC000A56CB5FBF3F54FF47A73B5FBF3F55D43D2
:104DD000556200F067FE50BB636C4FF0FF32012557
:104DE0004146C3F8589020461D659A634FF495726A
:104DF000DA6342F207029F62DA62E36C0A9AFFF713
:104E00004FFFA0B9E26C104B11680B407BB92946EB
:104E10002046FFF75BFF054648B92E463A46019902
:104E2000206D02F04DFC304603B0BDE8F0833A46F9
:104E30000199206D02F044FCE26C01212046FFF74D
:104E400075FFF0E70126EEE708E0FFFD2DE9F743E7
:104E50001F46436C01924FF47A725D68044688469F
:104E6000C5F3090501356E00856CB5FBF6F5B5FB9C
:104E7000F2F555435D6200F015FE20B1012528468C
:104E800003B0BDE8F0837E0201A9206D324602F036
:104E9000DFFB05460028F1D0636C019AD4F84C90F2
:104EA0009A6501221A654FF0FF329A634FF49572AA
:104EB000DA639E62236BDB064B4658BF4FEA4828F5
:104EC000012F42461BD912212046FFF7E9FEC0B947
:104ED000D9F80020104B13409BB9636C42F2930247
:104EE00039462046DA62E26CFFF7F0FE804640B9B0
:104EF00032460199206D454602F0E2FBBFE71121E1
:104F0000E2E732460199206D02F0DAFBE26C3946A5
:104F10002046FFF70BFFB2E708E0FFFD2DE9F34164
:104F20001F46436C01924FF47A725D6804468846CE
:104F3000C5F3090501356E00856CB5FBF6F5B5FBCB
:104F4000F2F555435D6200F0ADFD20B10125284624
:104F500002B0BDE8F0817E0201A9206D324602F068
:104F6000BDFB05460028F1D0636C019A9A650122C9
:104F70001A654FF0FF329A634FF48D72DA639E62C6
:104F8000236BE66CDB06334658BF4FEA4828012FF7
:104F9000424619D919212046FFF782FEB0B932687E
:104FA0000F4B134093B9636C42F29102394620468D
:104FB000DA62E26CFFF78AFE064638B90199354697
:104FC000206D02F0C7FBC2E71821E4E70199206DCC
:104FD00002F0C0FBE26C39462046FFF7A7FEB6E7B9
:104FE00008E0FFFD12F0030F2DE9F04107460C46E3
:104FF00015461E4617D00E44B44202D10020BDE82B
:10500000F0810123FA6B21463846FFF71FFF002885
:10501000F5D128464FF40072F96B05F5007501349F
:10502000FCF74CFEE8E7BDE8F041FFF70FBF0000DA
:1050300012F0030F2DE9F04107460C4615461E46B7
:1050400017D00E44B44202D10020BDE8F0812946B9
:105050004FF40072F86B05F50075FCF72FFE012385
:10506000FA6B21463846FFF759FF0028EDD101348D
:10507000E8E7BDE8F041FFF751BF000000207047AE
:10508000302310B583F311880024436C403021464F
:10509000DC6301F061FB84F3118810BD0268436892
:1050A0001143016003B1184770470000024A1368BA
:1050B00043F0C0031360704700100140024A1368B8
:1050C00043F0C0031360704700440040024A136875
:1050D00043F0C0031360704700500040024A136859
:1050E00043F0C0031360704700780040064BD3F8CC
:1050F000E8200243C3F8E820D3F810211043C3F896
:105100001001D3F8103170470044025837B5334CC2
:10511000334D204600F060FD04F11400009400239C
:105120004FF400722F4900F0FBF94FF400722E4942
:1051300004F1380000942D4B00F074FA2C4BC4E9B4
:1051400017352C4C204600F047FD04F11400009464
:1051500000234FF40072284900F0E2F94FF4007286
:10516000264904F138000094254B00F05BFA254BEA
:10517000C4E91735244C204600F02EFD04F114003C
:10518000009400234FF40072204900F0C9F94FF455
:1051900000721F4904F1380000941E4B00F042FADF
:1051A0001D4BC4E917351D4C204600F015FD04F1D8
:1051B000140000234FF400721949009400F0B0F974
:1051C000184B4FF40072184904F13800009400F0B5
:1051D00029FA164BC4E9173503B030BD3049002019
:1051E00000E1F505E04A0020E0520020AD50000843
:1051F000001001409C490020E04C0020E0540020B9
:10520000BD50000800440040084A0020E04E002045
:10521000E0560020CD50000800500040744A0020A5
:10522000E0500020DD500008E058002000780040E9
:1052300038B52F4D0446037C002918BF0D46012BBD
:1052400011D12C4B98423BD12B4BD3F8F02042F09C
:105250001002C3F8F020D3F8182142F01002C3F86E
:105260001821D3F818312A68236EE16D03EB52033D
:10527000A566B3FBF2F36A68100442BF23F007008F
:1052800003F0070343EA4003CB60AB6843F04003FD
:105290004B60EB6843F001038B6042F4967343F07C
:1052A00001030B604FF0FF330B62510505D512F07F
:1052B000102219D0B2F1805F18D084F8643038BD64
:1052C0000E4B984205D00E4B984207D14FF48010F8
:1052D00001E04FF40030FFF709FFC4E7094B9842A3
:1052E000C1D14FF08040F6E77F23E6E73F23E4E7B4
:1052F0008499000830490020004402589C4900204D
:10530000084A0020744A00202DE9F047C66D054682
:105310003768F469210734621AD014F0080118BF05
:105320004FF48071E20748BF41F02001A3074FF01E
:10533000300348BF41F04001600748BF41F08001A1
:1053400083F31188281DFFF7A9FE002383F311883A
:10535000E2050AD5302383F311884FF48061281DBC
:10536000FFF79CFE002383F311884FF030094FF0C4
:10537000000A14F0200838D13B0616D54FF030094A
:1053800005F1380A200610D589F31188504600F03F
:105390007DF9002836DA0821281DFFF77FFE27F067
:1053A00080033360002383F31188790614D56206E5
:1053B00012D5302383F31188D5E913239A4208D1FB
:1053C0002B6C33B127F040071021281DFFF766FE34
:1053D0003760002383F31188E30618D5AA6E13699A
:1053E000ABB15069BDE8F047184789F31188736A7B
:1053F000284695F86410194000F008FC8AF31188DB
:10540000F469B6E7B06288F31188F469BAE7BDE8D9
:10541000F0870000090100F16043012203F56143B8
:10542000C9B283F8001300F01F039A4043099B00A0
:1054300003F1604303F56143C3F880211A607047AC
:1054400000F01F0301229A40430900F160409B00D5
:1054500000F5614003F1604303F56143C3F8802028
:10546000C3F88021002380F800337047F8B5154653
:10547000826804460B46AA4200D28568A169266963
:10548000761AB5420BD218462A46FCF717FCA369D8
:105490002B44A3612846A3685B1BA360F8BD0CD90D
:1054A000AF1B18463246FCF709FC3A46E168304427
:1054B000FCF704FCE3683B44EBE718462A46FCF79C
:1054C000FDFBE368E5E7000083689342F7B5044617
:1054D000154600D28568D4E90460361AB5420BD26D
:1054E0002A46FCF7EBFB63692B4463612846A368FB
:1054F0005B1BA36003B0F0BD0DD93246AF1B019119
:10550000FCF7DCFB01993A46E0683144FCF7D6FB36
:10551000E3683B44E9E72A46FCF7D0FBE368E4E7AD
:1055200010B50A440024C361029B8460C16002611B
:105530000362C0E90000C0E9051110BD08B5D0E95B
:105540000532934201D1826882B982680132826059
:105550005A1C426119700021D0E904329A4224BFDA
:10556000C368436101F012F9002008BD4FF0FF301D
:10557000FBE7000070B5302304460E4683F3118824
:10558000A568A5B1A368A269013BA360531CA361F0
:1055900015782269934224BFE368A361E3690BB1E4
:1055A00020469847002383F31188284607E03146B8
:1055B000204601F0DBF80028E2DA85F3118870BD9F
:1055C0002DE9F74F04460E4617469846D0F81C9032
:1055D0004FF0300A8AF311884FF0000B154665B181
:1055E0002A4631462046FFF741FF034660B941464F
:1055F000204601F0BBF80028F1D0002383F3118886
:10560000781B03B0BDE8F08FB9F1000F03D0019013
:105610002046C847019B8BF31188ED1A1E448AF37C
:105620001188DCE7C160C361009B82600362C0E94E
:1056300005111144C0E9000001617047F8B5044646
:105640000D461646302383F31188A768A7B1A368D7
:10565000013BA36063695A1C62611D70D4E9043286
:105660009A4224BFE3686361E3690BB1204698471F
:10567000002080F3118807E03146204601F076F8DB
:105680000028E2DA87F31188F8BD0000D0E905238D
:1056900010B59A4201D182687AB98268002101323C
:1056A00082605A1C82611C7803699A4224BFC368D5
:1056B000836101F06BF8204610BD4FF0FF30FBE72F
:1056C0002DE9F74F04460E4617469846D0F81C9031
:1056D0004FF0300A8AF311884FF0000B154665B180
:1056E0002A4631462046FFF7EFFE034660B94146A1
:1056F000204601F03BF80028F1D0002383F3118805
:10570000781B03B0BDE8F08FB9F1000F03D0019012
:105710002046C847019B8BF31188ED1A1E448AF37B
:105720001188DCE70379052B05BF836A002001207F
:105730004B6004BF4FF400730B60704770B55D1E83
:10574000866A04460D44B54205D9436B43F0800395
:105750004363012070BD06250571FFF743FC052357
:105760002371F7E770B55D1E866A04460D44B542A5
:1057700005D9436B43F080034363012070BD0725C7
:105780000571FFF755FC05232371F7E738B5057957
:105790000446052D05D108230371FFF76FFC257121
:1057A00038BD0120FCE700000323F0B5037185B08C
:1057B0000446FFF709FA002220461146FFF74EFA89
:1057C0004FF4D57203AB08212046FFF769FA024671
:1057D000B8B901232363039BC3F30323012B09D12E
:1057E00003AB37212046FFF75BFA18B9A44B039AA5
:1057F0001340ABB120460125FFF718FA02232371AD
:1058000037E103AB002237212046FFF749FA28B9D8
:105810009B4A039B1A40002A00F0A78002232363BF
:10582000236B03F00F03022B40F0A9806425954EF3
:1058300042F2107000F076FF03AB324601212046A1
:10584000FFF718FA0028D5D1039B002B80F2938034
:105850005A0003D5236B43F010032363002204F1A5
:10586000080302212046FFF779FA02460028C1D139
:1058700004F1380303212046FFF712FA0028B9D1BA
:1058800004F11805A26B092120462B46FFF766FAA2
:105890000028AFD102ABA26B07212046FFF700FA28
:1058A00006460028A6D1236B03F00F03022B40F01D
:1058B0008F807E227F21284603F01EFA012840F2C5
:1058C0008780E76B42F2107000F02CFF08234FF442
:1058D0000072394620460096FFF75CFA002889D10D
:1058E000384603F057FA236BA06203F00F03022B34
:1058F00072D103AB644A06212046FFF7D1F9002894
:1059000071D15F49039B1940B1FA81F149092046E1
:10591000FFF76CF902AB4FF4007210212046FFF73D
:10592000BFF9054600287FF465AF554E029B334210
:105930007FF460AF236B13F00E0F03F00F0273D0F0
:10594000022A7FF457AFE36A1978012900F09480A6
:10595000022900F09380002900F089804B4F2046F7
:10596000FFF76AF903AB3A4676E011462046226318
:10597000FFF774F954E7013D7FF45AAF3AE7444D1D
:105980006426444A3E4F012B18BF154603AB002244
:1059900037212046FFF784F900287FF42BAF039BC3
:1059A0003B427FF427AF03AB2A4629212046FFF76D
:1059B00061F900287FF41EAF039B002BFFF648AF70
:1059C000013E3FF417AF42F2107000F0ABFEDDE78E
:1059D000284603F0B3F986E77E227F212846E66B4E
:1059E00003F08AF908B9002191E7002340223146EB
:1059F000204600930623FFF7CDF90028F3D1B389A1
:105A00005BBA9B07EFD5244B4022314620460093DA
:105A10000623FFF7BFF90028E5D1317C01F00F0123
:105A20000F3918BF012172E7E36A1978F9B101292A
:105A30007FF4E0AE2046FFF7FFF803ABA26B3721FF
:105A40002046FFF72DF900287FF4D4AE039B3342A4
:105A50007FF4D0AE03AB022206212046FFF720F9E7
:105A600000287FF4C7AE039B33427FF4C3AE052307
:105A70002371284605B0F0BD084F70E7084F6EE768
:105A800008E0FFFD0080FFC00001B9030000B7037C
:105A90000080FF5000001080F1FFFF800001B7037D
:105AA0000002B70337B504460C4D01ABA26B0D21C4
:105AB0002046FFF7F5F878B9019B2B420BD1C3F3D1
:105AC0004323042B08D0053B022B04D84FF47A70F3
:105AD00000F028FEE9E7012003B030BD08E0FFFD3B
:105AE00070B53023054683F3118803790024022B17
:105AF00003D184F31188204670BD0423037184F31D
:105B000011880226FFF7CEFF04462846FFF78EF8DD
:105B10002E71F0E7FEF7F0BF044B03600123037121
:105B200000234363C0E90A33704700BF9C99000813
:105B300010B53023044683F31188C162FEF7F6FFE7
:105B400002230020237180F3118810BD10B530238B
:105B5000044683F31188FFF713F800230122E36260
:105B6000227183F3118810BD0268436811430160FC
:105B700003B11847704700001430FFF721BD000043
:105B80004FF0FF331430FFF71BBD00003830FFF734
:105B900097BD00004FF0FF333830FFF791BD000094
:105BA0001430FFF7E7BC00004FF0FF311430FFF76F
:105BB000E1BC00003830FFF741BD00004FF0FF327C
:105BC0003830FFF73BBD0000012914BF6FF0130010
:105BD00000207047FFF79ABA044B0360002343602C
:105BE000C0E9023301230374704700BFC099000865
:105BF00010B53023044683F31188FFF719FB022305
:105C00000020237480F3118810BD000038B5C369EB
:105C100004460D461BB904210844FFF7A5FF294699
:105C200004F11400FFF78AFC002806DA201D4FF467
:105C30000061BDE83840FFF797BF38BD0268436890
:105C40001143016003B118477047000013B5406B62
:105C500000F58054D4F8A4381A681178042914D1B6
:105C6000017C022911D11979012312898B40134239
:105C70000BD101A94C3002F06DFFD4F8A4480246C4
:105C8000019B2179206800F0DFF902B010BD00000F
:105C9000143002F0EFBE00004FF0FF33143002F07A
:105CA000E9BE00004C3002F0C1BF00004FF0FF33EE
:105CB0004C3002F0BBBF0000143002F0BDBE00004B
:105CC0004FF0FF31143002F0B7BE00004C3002F04C
:105CD0008DBF00004FF0FF324C3002F087BF000054
:105CE0000020704710B500F58054D4F8A4381A6825
:105CF0001178042917D1017C022914D15979012383
:105D000052898B4013420ED1143002F04FFE0246EE
:105D100048B1D4F8A4484FF4407361792068BDE8D5
:105D2000104000F07FB910BD406BFFF7DBBF0000F3
:105D3000704700007FB5124B01250426044603601E
:105D40000023057400F1840243602946C0E9023350
:105D50000C4B0290143001934FF44073009602F004
:105D600001FE094B04F69442294604F14C000294CA
:105D7000CDE900634FF4407302F0C8FE04B070BD7B
:105D8000E8990008295D00084D5C00080A68302386
:105D900083F311880B790B3342F823004B791333CB
:105DA00042F823008B7913B10B3342F8230000F53E
:105DB0008053C3F8A41802230374002080F31188D1
:105DC0007047000038B5037F044613B190F8543093
:105DD000ABB90125201D0221FFF730FF04F11400AB
:105DE0006FF00101257700F0DDFC04F14C0084F830
:105DF00054506FF00101BDE8384000F0D3BC38BD0D
:105E000010B5012104460430FFF718FF0023237763
:105E100084F8543010BD000038B504460025143015
:105E200002F0B8FD04F14C00257702F087FE201D3A
:105E300084F854500121FFF701FF2046BDE83840A7
:105E4000FFF750BF90F8803003F06003202B06D19D
:105E500090F881200023212A03D81F2A06D8002089
:105E60007047222AFBD1C0E91D3303E0034A426791
:105E700007228267C3670120704700BF54220020B9
:105E800037B500F58055D5F8A4381A68117804297B
:105E90001AD1017C022917D11979012312898B406B
:105EA000134211D100F14C04204602F007FF58B113
:105EB00001A9204602F04EFED5F8A4480246019BF7
:105EC0002179206800F0C0F803B030BD01F10B0368
:105ED000F0B550F8236085B004460D46FEB130237E
:105EE00083F3118804EB8507301D0821FFF7A6FE18
:105EF000FB6806F14C005B691B681BB1019002F066
:105F000037FE019803A902F025FE024648B1039B23
:105F10002946204600F098F8002383F3118805B045
:105F2000F0BDFB685A691268002AF5D01B8A013B54
:105F30001340F1D104F18002EAE70000133138B5D3
:105F400050F82140ECB1302383F3118804F58053DD
:105F5000D3F8A4281368527903EB8203DB689B69AA
:105F60005D6845B104216018FFF768FE294604F119
:105F7000140002F025FD2046FFF7B4FE002383F352
:105F8000118838BD7047000001F038BD0123402260
:105F9000002110B5044600F8303BFBF7B5FE0023A6
:105FA000C4E9013310BD000010B53023044683F36B
:105FB00011882422416000210C30FBF7A5FE204609
:105FC00001F03EFD02230020237080F3118810BDF4
:105FD00070B500EB8103054650690E461446DA6041
:105FE00018B110220021FBF78FFEA06918B1102212
:105FF0000021FBF789FE31462846BDE8704001F0DC
:1060000025BE000083682022002103F0011310B593
:10601000044683601030FBF777FE2046BDE8104051
:1060200001F0A0BEF0B4012500EB810447898D404A
:10603000E4683D43A469458123600023A260636056
:10604000F0BC01F0BDBE0000F0B4012500EB8104FE
:1060500007898D40E4683D4364690581236000231E
:10606000A2606360F0BC01F033BF000070B5022392
:1060700000250446242203702946C0F888500C30BD
:1060800040F8045CFBF740FE204684F8705001F0B5
:1060900071FD63681B6823B129462046BDE8704046
:1060A000184770BD0378052B10B504460AD080F858
:1060B0008C300523037043681B680BB1042198479B
:1060C0000023A36010BD00000178052906D190F8D7
:1060D0008C20436802701B6803B1184770470000AA
:1060E00070B590F87030044613B1002380F870301A
:1060F00004F18002204601F059FE63689B68B3B941
:1061000094F8803013F0600535D00021204602F06D
:106110004BF90021204602F03BF963681B6813B17C
:10612000062120469847062384F8703070BD20462B
:1061300098470028E4D0B4F88630A26F9A4288BF0E
:10614000A36794F98030A56F002B4FF0300380F2E5
:106150000381002D00F0F280092284F8702083F37F
:10616000118800212046D4E91D23FFF76DFF00238D
:1061700083F31188DAE794F8812003F07F0343EA80
:10618000022340F20232934200F0C58021D8B3F5D9
:10619000807F48D00DD8012B3FD0022B00F0938098
:1061A000002BB2D104F1880262670222A267E36782
:1061B000C1E7B3F5817F00F09B80B3F5407FA4D1A8
:1061C00094F88230012BA0D1B4F8883043F0020358
:1061D00032E0B3F5006F4DD017D8B3F5A06F31D0D2
:1061E000A3F5C063012B90D86368204694F8822001
:1061F0005E6894F88310B4F88430B047002884D0E7
:10620000436863670368A3671AE0B3F5106F36D07D
:1062100040F6024293427FF478AF5C4B63670223FF
:10622000A3670023C3E794F88230012B7FF46DAF9E
:10623000B4F8883023F00203A4F88830C4E91D556F
:10624000E56778E7B4F88030B3F5A06F0ED194F825
:106250008230204684F88A3001F0EAFC63681B68CB
:1062600013B1012120469847032323700023C4E97A
:106270001D339CE704F18B0363670123C3E7237895
:10628000042B10D1302383F311882046FFF7BAFE88
:1062900085F311880321636884F88B5021701B6893
:1062A0000BB12046984794F88230002BDED084F85A
:1062B0008B300423237063681B68002BD6D0022127
:1062C00020469847D2E794F8843020461D0603F014
:1062D0000F010AD501F05CFD012804D002287FF4EB
:1062E00014AF2B4B9AE72B4B98E701F043FDF3E7F4
:1062F00094F88230002B7FF408AF94F8843013F0C8
:106300000F01B3D01A06204602D502F065F8ADE7BA
:1063100002F056F8AAE794F88230002B7FF4F5AE2D
:1063200094F8843013F00F01A0D01B06204602D54C
:1063300002F03AF89AE702F02BF897E7142284F873
:10634000702083F311882B462A4629462046FFF702
:1063500069FE85F31188E9E65DB1152284F87020A5
:1063600083F3118800212046D4E91D23FFF75AFE4C
:10637000FDE60B2284F8702083F311882B462A4611
:1063800029462046FFF760FEE3E700BF189A0008A1
:10639000109A0008149A000838B590F87030044636
:1063A000002B3ED0063BDAB20F2A34D80F2B32D85E
:1063B000DFE803F037313108223231313131313108
:1063C00031313737856FB0F886309D4214D2C368BB
:1063D0001B8AB5FBF3F203FB12556DB9302383F32F
:1063E00011882B462A462946FFF72EFE85F3118891
:1063F0000A2384F870300EE0142384F870303023C0
:1064000083F31188002320461A461946FFF70AFE37
:10641000002383F3118838BDC36F03B1984700236D
:10642000E7E70021204601F0BFFF0021204601F0F0
:10643000AFFF63681B6813B1062120469847062307
:10644000D7E7000010B590F870300446142B29D01F
:1064500017D8062B05D001D81BB110BD093B022B64
:10646000FBD80021204601F09FFF0021204601F0CB
:106470008FFF63681B6813B10621204698470623E7
:1064800019E0152BE9D10B2380F87030302383F30A
:10649000118800231A461946FFF7D6FD002383F31F
:1064A0001188DAE7C3689B695B68002BD5D1C36F9D
:1064B00003B19847002384F87030CEE70023826848
:1064C00080F8243083691B6899689142FBD25A682E
:1064D00003604260106058607047000000238268CB
:1064E00080F8243083691B6899689142FBD85A6808
:1064F00003604260106058607047000008B50846AD
:10650000302383F3118891F82430032B05D0042B1A
:106510000DD02BB983F3118808BD8B6A00221A6055
:106520004FF0FF338362FFF7C9FF0023F2E7D1E9A1
:10653000003213605A60F3E7034610B51B689842B7
:1065400003D09C688A689442F8D25A680B604A600B
:106550001160596010BD0000FFF7B0BF064BD9684D
:1065600081F824001868026853601A600122D8601C
:1065700080F82420F9F746BFE05A00200C4B30B5D4
:10658000DD684B1C87B004460FD02B46094A68468D
:1065900000F09CF92046FFF7E1FF009B13B168462D
:1065A00000F09EF9A86A07B030BDFFF7D7FFF9E702
:1065B000E05A0020FD640008044B1A68DB6890680C
:1065C0009B68984294BF002001207047E05A002049
:1065D000094B10B51C68D868226853601A60012204
:1065E000DC6084F82420FFF779FF01462046BDE8EF
:1065F0001040F9F707BF00BFE05A0020044B1A68AB
:10660000DB6892689B689A4201D9FFF7E1BF704747
:10661000E05A002038B50123084C0025237065603E
:1066200002F0E6FB02F00CFC0549064802F0E2FC31
:106630000223237085F3118838BD00BF885D0020D8
:10664000209A0008E05A002000F080B9034A5168FF
:1066500053685B1A9842FBD8704700BF001000E0F7
:106660008B604B630023CA6100F128020B63022395
:106670000A618B840123886181F8263001F11003BF
:10668000C26A4A611360C36201F12C030846CB62FF
:1066900070470000D0E90131026841F8183CA1F1CF
:1066A0009C033839CB60036941F8243C436941F8C5
:1066B000203C034B41F8043CC3680248FFF7D0BFBD
:1066C0001D040008E05A002008B5FFF7E3FFBDE80D
:1066D0000840FFF741BF000038B50E4BDC6804F1FD
:1066E0002C05A062E06AA8420FD194F826303BB98D
:1066F00094F825309B0702BFD4E9043213605A6036
:106700000F20BDE83840FFF729BF0368E362FFF7B9
:1067100023FFE7E7E05A0020302383F31188FFF7D7
:10672000DBBF000008B50146302383F31188082041
:10673000FFF724FF002383F3118808BD054BDB68B6
:1067400021B1036098620320FFF718BF4FF0FF30BC
:10675000704700BFE05A002003682BB1002202609E
:1067600018469962FFF7F8BE70470000064BDB68D9
:1067700039B1426818605A60136043600420FFF723
:10678000FDBE4FF0FF307047E05A0020036898428A
:1067900006D01A680260506018469962FFF7DCBEA6
:1067A0007047000038B504460D462068844200D189
:1067B00038BD036823605C608562FFF7CDFEF4E7B7
:1067C000036810B59C68A2420CD85C688A600B60B4
:1067D0004C602160596099688A1A9A604FF0FF33C3
:1067E000836010BD121B1B68ECE700000A2938BF4C
:1067F0000A2170B504460D460A26601902F0F2FA25
:1068000002F0DAFA041BA54203D8751C04462E4692
:10681000F3E70A2E04D90120BDE8704002F0B2BCB3
:1068200070BD0000F8B5144B0D460A2A4FF00A0758
:10683000D96103F11001826038BF0A2241601969F1
:106840001446016048601861A81802F0BBFA02F013
:10685000B3FA431B0646A34206D37C1C28192746DD
:10686000354602F0BFFAF2E70A2F04D90120BDE84D
:10687000F84002F087BCF8BDE05A0020F8B50646A3
:106880000D4602F099FA0F4A134653F8107F9F42C3
:1068900006D12A4601463046BDE8F840FFF7C2BFA0
:1068A000D169BB68441A2C1928BF2C46A34202D9CF
:1068B0002946FFF79BFF224631460348BDE8F840D2
:1068C000FFF77EBFE05A0020F05A0020C0E9032302
:1068D000002310B45DF8044B4361FFF7CFBF000005
:1068E00010B5194C236998420DD08168D0E9003267
:1068F00013605A609A680A449A60002303604FF05C
:10690000FF33A36110BD0268234643F8102F536084
:106910000022026022699A4203D1BDE8104002F0D1
:106920005BBA936881680B44936002F045FA226970
:10693000E1699268441AA242E4D91144BDE81040CA
:10694000091AFFF753BF00BFE05A00202DE9F047B6
:10695000DFF8BC8008F110072C4ED8F8105002F078
:106960002BFAD8F81C40AA68031B9A423ED814445C
:106970004FF00009D5E90032C8F81C4013605A6096
:10698000C5F80090D8F81030B34201D102F024FAD3
:1069900089F31188D5E9033128469847302383F3DA
:1069A00011886B69002BD8D002F006FA6A69A0EB57
:1069B000040982464A450DD2022002F0E3FB002280
:1069C000D8F81030B34208D151462846BDE8F04708
:1069D000FFF728BF121A2244F2E712EB09092946F1
:1069E000384638BF4A46FFF7EBFEB5E7D8F8103017
:1069F000B34208D01444C8F81C00211AA960BDE8AD
:106A0000F047FFF7F3BEBDE8F08700BFF05A002063
:106A1000E05A002038B502F0CFF9054AD2E908451E
:106A2000031B181945F10001C2E9080138BD00BF78
:106A3000E05A002010B560B9074804790368053CA6
:106A40009B6818BF0124984708B144F0040420460D
:106A500010BD0124FBE700BFD8460020FFF7EABFC6
:106A60002DE9F047884617469A460446B0B90D4EC0
:106A70003579052D05D003240DE0013D15F0FF0506
:106A80000ED03268534639463046D2F8149042460A
:106A9000C8470028F1D12046BDE8F0870424FAE772
:106AA0000124F8E7D84600202DE9F047884617462C
:106AB0009A460446B0B90D4E3579052D05D003240C
:106AC0000DE0013D15F0FF050ED032685346394602
:106AD0003046D2F818904246C8470028F1D12046E7
:106AE000BDE8F0870424FAE70124F8E7D84600203F
:106AF00037B50C46154670B951B101290BD107487D
:106B0000694603681B6A984710B9019B04462B60CD
:106B1000204603B030BD0424FAE700BFD846002069
:106B200000207047FEE70000704700004FF0FF3084
:106B3000704700004B6843608B688360CB68C3601C
:106B40000B6943614B6903628B6943620B680360A5
:106B50007047000008B53C4B40F2FF713B48D3F84A
:106B600088200A43C3F88820D3F8882022F4FF62E3
:106B700022F00702C3F88820D3F88820D3F8E02059
:106B80000A43C3F8E020D3F808210A43C3F80821D8
:106B90002F4AD3F808311146FFF7CCFF00F580608B
:106BA00002F11C01FFF7C6FF00F5806002F1380119
:106BB000FFF7C0FF00F5806002F15401FFF7BAFF54
:106BC00000F5806002F17001FFF7B4FF00F580600E
:106BD00002F18C01FFF7AEFF00F5806002F1A80121
:106BE000FFF7A8FF00F5806002F1C401FFF7A2FFE4
:106BF00000F5806002F1E001FFF79CFF00F5806086
:106C000002F1FC01FFF796FF02F58C7100F5806040
:106C1000FFF790FF01F078FC0E4BD3F8902242F082
:106C20000102C3F89022D3F8942242F00102C3F883
:106C300094220522C3F898204FF06052C3F89C209C
:106C4000054AC3F8A02008BD0044025800000258BD
:106C5000349A000800ED00E01F00080308B501F0B9
:106C60006DFEFFF7D7FC104BD3F8DC2042F040025A
:106C7000C3F8DC20D3F8042122F04002C3F8042139
:106C8000D3F80431094B1A6842F008021A601A68F6
:106C900042F004021A6000F065FD00F03FFBBDE821
:106CA000084000F0B5B800BF004402580018024880
:106CB00001207047002070477047000002290CD067
:106CC000032904D00129074818BF00207047032A70
:106CD00005D8054800EBC200704704487047002003
:106CE000704700BF309C000864220020E49B00082D
:106CF00070B59AB005460846144601A900F0C2F8DE
:106D000001A8FAF7F9FF431C0022C6B25B00104647
:106D1000C5E9003423700323023404F8013C01ABBD
:106D2000D1B202348E4201D81AB070BD13F8011BE3
:106D3000013204F8010C04F8021CF1E708B5302315
:106D400083F311880348FFF79BF8002383F311882E
:106D500008BD00BF905D002090F8803003F01F0256
:106D6000012A07D190F881200B2A03D10023C0E922
:106D70001D3315E003F06003202B08D1B0F88430F8
:106D80002BB990F88120212A03D81F2A04D8FFF7B5
:106D900059B8222AEBD0FAE7034A426707228267F2
:106DA000C3670120704700BF5B22002007B505299B
:106DB00017D8DFE801F0191603191920302383F3DF
:106DC0001188104A01210190FFF702F90198022170
:106DD0000D4AFFF7FDF80D48FFF71EF8002383F377
:106DE000118803B05DF804FB302383F31188074852
:106DF000FEF7E8FFF2E7302383F311880348FEF73C
:106E0000FFFFEBE7849B0008A89B0008905D002033
:106E100038B50C4D0C4C2A460C4904F10800FFF71C
:106E200067FF05F1CA0204F110000949FFF760FF8E
:106E300005F5CA7204F118000649BDE83840FFF7AD
:106E400057BF00BF6876002064220020689B0008BE
:106E50006E9B0008799B000870B5044608460D46F5
:106E6000FAF74AFFC6B22046013403780BB9184638
:106E700070BD32462946FAF72BFF0028F3D10120D6
:106E8000F6E700002DE9F84F05460C46FAF734FF07
:106E90002B49C6B22846FFF7DFFF2A492846FFF7ED
:106EA000DBFF08B11036F6B2632E0DD8DFF8908004
:106EB000DFF89090244FDFF898A0DFF898B02E7894
:106EC00046B92670BDE8F88F29462046BDE8F84F40
:106ED00002F002BA252E2ED1072241462846FAF7A3
:106EE000F7FE70B9DBF800300735073444F8073C8B
:106EF000BBF8043024F8033C9BF8063004F8013C4E
:106F0000DDE7082249462846FAF7E2FE98B9A21CB6
:106F10000E4B197802320909C95D02F8041C13F8F6
:106F2000011B01F00F015345C95D02F8031CF0D1AC
:106F300018340835C3E7013504F8016BBFE700BF1B
:106F4000509C0008799B0008609C000800E8F11F35
:106F50000CE8F11F589C0008BFF34F8F044B1A69CF
:106F60005107FCD1D3F810215207F8D1704700BF68
:106F70000020005208B50D4B1B78ABB9FFF7ECFFB2
:106F80000B4BDA68D10704D50A4A5A6002F18832FD
:106F90005A60D3F80C21D20706D5064AC3F804215B
:106FA00002F18832C3F8042108BD00BFC678002072
:106FB000002000522301674508B5114B1B78F3B937
:106FC000104B1A69510703D5DA6842F04002DA60C3
:106FD000D3F81021520705D5D3F80C2142F0400216
:106FE000C3F80C21FFF7B8FF064BDA6842F0010244
:106FF000DA60D3F80C2142F00102C3F80C2108BD7D
:10700000C6780020002000520F289ABF00F580604B
:1070100040040020704700004FF40030704700002B
:10702000102070470F2808B50BD8FFF7EDFF00F5CB
:1070300000330268013204D104308342F9D10120C7
:1070400008BD0020FCE700000F2838B505463FD8F2
:10705000FFF782FF1F4CFFF78DFF4FF0FF3307282C
:107060006361C4F814311DD82361FFF775FF030273
:1070700043F02403E360E36843F08003E3602369A3
:107080005A07FCD42846FFF767FFFFF7BDFF4FF410
:10709000003100F0B9FA2846FFF78EFFBDE838400E
:1070A000FFF7C0BFC4F81031FFF756FFA0F1080387
:1070B0001B0243F02403C4F80C31D4F80C3143F024
:1070C0008003C4F80C31D4F810315B07FBD4D9E746
:1070D000002038BD002000522DE9F84F04460D462F
:1070E000104644EA0203DE0602D00020BDE8F88F15
:1070F00020F01F00DFF8D4B0DFF8D4A0FFF73AFF8C
:1071000005EB0008454503D10120FFF755FFEDE7EA
:1071100020222946204602F0A7F810B92034203555
:10712000F0E7234604F120021F68791CDDD1043307
:107130009342F9D104F178432048214EB3F5801FE2
:10714000204B38BF184603F1F80332BFD946D14669
:107150001E46FFF701FF0760A4EB050C336805F13D
:107160001C0143F0020333602B1FD9F8007017F0A5
:107170000507FAD153F8042F8B424CF80320F4D1C1
:10718000BFF34F8FFFF7E8FE4FF0FF330360336824
:1071900023F002033360BFF34F8F0B4BC3F85C4205
:1071A000BFF34F8FBFF36F8F20222946204602F096
:1071B0005BF80028B2D03846A7E700BF1421005280
:1071C0000C2000521420005200ED00E0102000526C
:1071D0001021005210B5084C237828B11BB9FFF7D5
:1071E000C9FE0123237010BD002BFCD02070BDE828
:1071F0001040FFF7E1BE00BFC67800202DE9F04F38
:107200000D4685B0814658B111F00D0614BF2022FD
:10721000082211F00803019304D0431E034269D0F1
:10722000002435E0002E37D009F11F0121F01F099D
:107230004FF00108314F05F00403DFF8CCA005EA58
:10724000080BBBF1000F32D07869C0072FD408F1CA
:1072500001080C37B8F1060FF3D19EB9284D494605
:10726000A819019201F00EFE0446002839D12036FB
:10727000019AA02EF3D1494601F004FE04460028ED
:107280002FD1019A49461F4801F0FCFD044660BB1E
:10729000204605B0BDE8F08F0029C9D10146284637
:1072A000029201F0EFFD0446D8B9029AC0E713B18B
:1072B00078694107CBD5AC0702D578698007C6D578
:1072C000019911B178690107C1D549460AEB481007
:1072D000CDE9022301F0D6FD0446DDE902230028B2
:1072E000B5D04A460021204601E04A460021FAF77F
:1072F0000BFDCDE70246002E96D199E7749C00085D
:1073000008790020C8780020E87800200021FFF7E5
:1073100075BF00000121FFF771BF000070B5144D6B
:107320000124144E40F2FF3200210120FAF7ECFC58
:1073300006EB441001342A6955F80C1F01F08EFD4C
:10734000062CF5D137254FF4C0542046FFF7E2FF55
:10735000014628B122460848BDE8704001F07EBDD4
:10736000C4EBC404013D4FEAD404EED170BD00BFAC
:10737000749C0008E8780020C87800200421FFF7FA
:107380003DBF00004843FFF7C1BF000008B101F056
:10739000EBBD7047B0F5805F10B5044607D8FFF726
:1073A000EDFF28B92046BDE81040FFF7AFBF002031
:1073B00010BD0000FFF7EABF70B5AAB140EA0103B3
:1073C00013F01F030FD1094C0144A5686D0706D5C2
:1073D0002568A84203D366683544A94204D903331B
:1073E0000C34122BF1D10022104670BD749C0008A1
:1073F00008B501F0CFFE034AD2E90032C01842EBD3
:10740000010108BDA8790020434BD3E900232DE9F1
:10741000F34113437CD0FFF7EBFF404A00230027E2
:10742000F9F70AF806460D463D4A0023F9F704F835
:107430000023144630462946394AF8F7FDFF4FF439
:1074400061613C23ADF80170B4FBF1F5B4FBF3F6D8
:1074500001FB154103FB16464624B1FBF3F1314B0A
:10746000F6B28DF8004098423CD84FF0640C4FF4CF
:10747000C87EA30704F26C7225D1B2FBFCF30CFBAF
:10748000132313BBB2FBFEF30EFB1322B2FA82F3FB
:107490005B0903F26D18621C8045D2B217D90FB197
:1074A0008DF800400022204C4FF00C0C17460CFBCE
:1074B0000343D4B2013213F804C084450CD8A0EBC6
:1074C0000C000127F5E70023E3E70123E1E7A0EB48
:1074D000080014460127CCE70FB18DF80140431C8A
:1074E0008DF802309DF80100431C9DF800005038D3
:1074F000400640EA43509DF8023040EA034040EA2B
:10750000560040EAC52040EA411002B0BDE8F081D3
:107510004FF40410F9E700BFA879002040420F00A3
:107520008051010090230B00BC9C00080244074BD3
:10753000D2B210B5904200D110BD441C00B253F835
:10754000200041F8040BE0B2F4E700BF50400058BF
:107550000E4B30B51C6F240405D41C6F1C671C6FC8
:1075600044F400441C670A4C02442368D2B243F43A
:1075700080732360074B904200D130BD441C51F80A
:10758000045B00B243F82050E0B2F4E70044025834
:10759000004802585040005807B5012201A90020B8
:1075A000FFF7C4FF019803B05DF804FB13B5044670
:1075B000FFF7F2FFA04205D0012201A900200194AB
:1075C000FFF7C6FF02B010BD10B56424013C4FF4B4
:1075D0007A70FFF7A7F814F0FF04F7D1094B4FF4C6
:1075E000801214249A6103F500534FF000429A610F
:1075F000013C4FF47A70FFF795F814F0FF04F7D1CF
:1076000010BD00BF000002580144BFF34F8F064B6E
:10761000884204D3BFF34F8FBFF36F8F7047C3F817
:107620005C022030F4E700BF00ED00E00144BFF34E
:107630004F8F064B884204D3BFF34F8FBFF36F8F3A
:107640007047C3F870022030F4E700BF00ED00E09F
:10765000F8B50F461546044648B905F11F01012645
:10766000386821F01F01FFF7CFFF3046F8BD427B9D
:1076700029463868FFF7A0FE06460028EDD13B6892
:107680006360A368AB4210D213B12068FFF77EFE9F
:10769000637B28462BB1FFF771FE206020B9A06004
:1076A000E3E7FFF737FEF8E7A560206805F11F0163
:1076B000012621F01F013860FFF7A6FF2673D4E7EB
:1076C00010B5044640B10068884205D1606808B131
:1076D000FAF7F4FA0023237310BD0000F8B50F4643
:1076E0001446054648B904F11F010126386821F007
:1076F0001F01FFF79BFF3046F8BD427B21463868EB
:10770000FFF75AFE06460028EDD1AB68A34210D21F
:1077100013B12868FFF73AFE6B7B20462BB1FFF7C9
:107720002DFE286020B9A860E5E7FFF7F3FDF8E734
:10773000AC60396819B122462868FAF7BFFA2868A0
:1077400004F11F01012621F01F013860FFF76EFFD1
:107750002E73D0E720B103688B4204BF002303736C
:1077600070470000034B1A681AB9034AD2F8D024B4
:107770001A607047B07900200040025808B5FFF742
:10778000F1FF024B1868C0F3806008BDB07900209B
:10779000EFF30983054968334A6B22F001024A631B
:1077A00083F30988002383F31188704700EF00E01A
:1077B000302080F3118862B60D4B0E4AD96821F44F
:1077C000E0610904090C0A430B49DA60D3F8FC2094
:1077D00042F08072C3F8FC20084AC2F8B01F11685A
:1077E00041F0010111602022DA7783F8220070470E
:1077F00000ED00E00003FA0555CEACC5001000E036
:10780000302310B583F311880E4B5B6813F40063CB
:1078100014D0F1EE103AEFF309844FF08073683C16
:10782000E361094BDB6B236684F30988FEF7C4FE32
:1078300010B1064BA36110BD054BFBE783F3118824
:10784000F9E700BF00ED00E000EF00E02F040008C2
:107850003204000870B5BFF34F8FBFF36F8F1A4A21
:107860000021C2F85012BFF34F8FBFF36F8F5369DF
:1078700043F400335361BFF34F8FBFF36F8FC2F8F0
:107880008410BFF34F8FD2F8803043F6E074C3F317
:10789000C900C3F34E335B0103EA0406014646EA1E
:1078A00081750139C2F86052F9D2203B13F1200FE3
:1078B000F2D1BFF34F8F536943F480335361BFF369
:1078C0004F8FBFF36F8F70BD00ED00E0FEE700004B
:1078D000214B2248224A70B5904237D3214BC11E1A
:1078E000DA1C121A22F003028B4238BF0022002158
:1078F000FAF70AFA1C4A0023C2F88430BFF34F8F0C
:10790000D2F8803043F6E074C3F3C900C3F34E33BA
:107910005B0103EA0406014646EA81750139C2F8B3
:107920006C52F9D2203B13F1200FF2D1BFF34F8FED
:10793000BFF36F8FBFF34F8FBFF36F8F0023C2F87A
:107940005032BFF34F8FBFF36F8F70BD53F8041BDE
:1079500040F8041BC0E700BFD49D0008AC7B0020AA
:10796000AC7B0020AC7B002000ED00E0074BD3F89F
:10797000D81021EA0001C3F8D810D3F8002122EA78
:107980000002C3F80021D3F80031704700440258C8
:1079900070B5D0E9244300224FF0FF359E6804EB18
:1079A00042135101D3F80009002805DAD3F8000981
:1079B00040F08040C3F80009D3F8000B002805DA36
:1079C000D3F8000B40F08040C3F8000B013263187D
:1079D0009642C3F80859C3F8085BE0D24FF0011390
:1079E000C4F81C3870BD0000890141F0200101611C
:1079F00003699B06FCD41220FEF728BE10B50A4C82
:107A00002046FEF7C3FA094BC4F89030084BC4F87F
:107A10009430084C2046FEF7B9FA074BC4F8903072
:107A2000064BC4F8943010BDB47900200000084023
:107A3000F89C0008507A002000000440049D0008D3
:107A400070B503780546012B5CD1434BD0F89040CC
:107A5000984258D1414B0E216520D3F8D82042F0EE
:107A60000062C3F8D820D3F8002142F00062C3F8C6
:107A70000021D3F80021D3F8802042F00062C3F83F
:107A80008020D3F8802022F00062C3F88020D3F851
:107A90008030FDF7BFFC324BE360324BC4F8003856
:107AA0000023D5F89060C4F8003EC02323604FF453
:107AB0000413A3633369002BFCDA01230C20336128
:107AC000FEF7C4FD3369DB07FCD41220FEF7BEFDD0
:107AD0003369002BFCDA00262846A660FFF758FF22
:107AE0006B68C4F81068DB68C4F81468C4F81C68D4
:107AF00083BB1D4BA3614FF0FF336361A36843F069
:107B00000103A36070BD194B9842C9D1134B4FF0CC
:107B10008060D3F8D82042F00072C3F8D820D3F8A0
:107B2000002142F00072C3F80021D3F80021D3F8FD
:107B3000802042F00072C3F88020D3F8802022F029
:107B40000072C3F88020D3F88030FFF70FFF0E21BA
:107B50004D209EE7064BCDE7B47900200044025843
:107B60004014004003002002003C30C0507A002046
:107B7000083C30C0F8B5D0F89040054600214FF0E1
:107B800000662046FFF730FFD5F8941000234FF031
:107B900001128F684FF0FF30C4F83438C4F81C2845
:107BA00004EB431201339F42C2F80069C2F8006B34
:107BB000C2F80809C2F8080BF2D20B68D5F8902079
:107BC000C5F89830636210231361166916F0100629
:107BD000FBD11220FEF73AFDD4F8003823F4FE63FF
:107BE000C4F80038A36943F4402343F01003A361B1
:107BF0000923C4F81038C4F814380B4BEB604FF06D
:107C0000C043C4F8103B094BC4F8003BC4F81069EA
:107C1000C4F80039D5F8983003F1100243F480130A
:107C2000C5F89820A362F8BDD49C000840800010DD
:107C3000D0F8902090F88A10D2F8003823F4FE6330
:107C400043EA0113C2F80038704700002DE9F843F9
:107C500000EB8103D0F890500C468046DA680FFAAA
:107C600081F94801166806F00306731E022B05EB26
:107C700041134FF0000194BFB604384EC3F8101BF7
:107C80004FF0010104F1100398BF06F1805601FA8C
:107C900003F3916998BF06F5004600293AD0578A48
:107CA00004F15801374349016F50D5F81C180B43B4
:107CB0000021C5F81C382B180127C3F81019A7405C
:107CC0005369611E9BB3138A928B9B08012A88BF5C
:107CD0005343D8F89820981842EA034301F1400230
:107CE0002146C8F89800284605EB82025360FFF74A
:107CF0007BFE08EB8900C3681B8A43EA845348343F
:107D00001E4364012E51D5F81C381F43C5F81C785A
:107D1000BDE8F88305EB4917D7F8001B21F40041B3
:107D2000C7F8001BD5F81C1821EA0303C0E704F1CB
:107D30003F030B4A2846214605EB83035A60FFF7B1
:107D400053FE05EB4910D0F8003923F40043C0F886
:107D50000039D5F81C3823EA0707D7E70080001060
:107D600000040002D0F894201268C0F89820FFF7B1
:107D70000FBE00005831D0F8903049015B5813F421
:107D8000004004D013F4001F0CBF022001207047F4
:107D90004831D0F8903049015B5813F4004004D0CA
:107DA00013F4001F0CBF02200120704700EB81017B
:107DB000CB68196A0B6813604B685360704700000A
:107DC00000EB810330B5DD68AA691368D36019B987
:107DD000402B84BF402313606B8A1468D0F8902036
:107DE0001C4402EB4110013C09B2B4FBF3F46343C1
:107DF000033323F0030343EAC44343F0C043C0F812
:107E0000103B2B6803F00303012B0ED1D2F8083886
:107E100002EB411013F4807FD0F8003B14BF43F015
:107E2000805343F00053C0F8003B02EB4112D2F8FC
:107E3000003B43F00443C2F8003B30BD2DE9F04164
:107E4000D0F8906005460C4606EB4113D3F8087B4A
:107E50003A07C3F8087B08D5D6F814381B0704D5B1
:107E600000EB8103DB685B689847FA071FD5D6F8FB
:107E70001438DB071BD505EB8403D968CCB98B69B3
:107E8000488A5A68B2FBF0F600FB16228AB91868D5
:107E9000DA6890420DD2121AC3E90024302383F32A
:107EA000118821462846FFF78BFF84F31188BDE82F
:107EB000F081012303FA04F26B8923EA02036B8148
:107EC000CB68002BF3D021462846BDE8F041184787
:107ED00000EB81034A0170B5DD68D0F890306C6921
:107EE0002668E66056BB1A444FF40020C2F8100919
:107EF0002A6802F00302012A0AB20ED1D3F8080858
:107F000003EB421410F4807FD4F8000914BF40F052
:107F1000805040F00050C4F8000903EB4212D2F840
:107F2000000940F00440C2F800090122D3F83408E7
:107F300002FA01F10143C3F8341870BD19B9402E9B
:107F400084BF4020206020681A442E8A8419013C96
:107F5000B4FBF6F440EAC44040F00050C6E700002D
:107F60002DE9F843D0F8906005460C464F0106EB2A
:107F70004113D3F8088918F0010FC3F808891CD001
:107F8000D6F81038DB0718D500EB8103D3F80CC006
:107F9000DCF81430D3F800E0DA68964530D2A2EB72
:107FA0000E024FF000091A60C3F80490302383F3E7
:107FB0001188FFF78DFF89F3118818F0800F1DD00D
:107FC000D6F834380126A640334217D005EB840397
:107FD0000134D5F89050D3F80CC0E4B22F44DCF84B
:107FE000142005EB0434D2F800E05168714514D335
:107FF000D5F8343823EA0606C5F83468BDE8F883B6
:10800000012303FA01F2038923EA02030381DCF866
:108010000830002BD1D09847CFE7AEEB0103BCF876
:108020001000834228BF0346D7F8180980B2B3EB8B
:10803000800FE3D89068A0F1040959F8048FC4F8C0
:108040000080A0EB09089844B8F1040FF5D8184453
:108050000B4490605360C8E72DE9F84FD0F890507A
:1080600004466E69AB691E4016F480586E6103D0F9
:10807000BDE8F84FFDF7FABF002E12DAD5F8003E42
:108080009B0705D0D5F8003E23F00303C5F8003E5A
:10809000D5F80438204623F00103C5F80438FEF76C
:1080A00013F8370505D52046FFF772FC2046FDF78B
:1080B000F9FFB0040CD5D5F8083813F0060FEB68BB
:1080C00023F470530CBF43F4105343F4A053EB60FC
:1080D00031071BD56368DB681BB9AB6923F0080364
:1080E000AB612378052B0CD1D5F8003E9A0705D05B
:1080F000D5F8003E23F00303C5F8003E2046FDF707
:10810000E3FF6368DB680BB120469847F30200F198
:10811000BA80B70226D5D4F8909000274FF0010A14
:1081200009EB4712D2F8003B03F44023B3F5802F4C
:1081300011D1D2F8003B002B0DDA62890AFA07F35D
:1081400022EA0303638104EB8703DB68DB6813B176
:108150003946204698470137D4F89430FFB29B68DF
:108160009F42DDD9F00619D5D4F89000026AC2F317
:108170000A1702F00F0302F4F012B2F5802F00F09C
:10818000CA80B2F5402F09D104EB8303002200F529
:108190008050DB681B6A974240F0B0803003D5F80E
:1081A000185835D5E90303D500212046FFF746FED0
:1081B000AA0303D501212046FFF740FE6B0303D538
:1081C00002212046FFF73AFE2F0303D50321204664
:1081D000FFF734FEE80203D504212046FFF72EFE08
:1081E000A90203D505212046FFF728FE6A0203D520
:1081F00006212046FFF722FE2B0203D50721204649
:10820000FFF71CFEEF0103D508212046FFF716FEFD
:10821000700340F1A780E90703D500212046FFF74E
:108220009FFEAA0703D501212046FFF799FE6B07A1
:1082300003D502212046FFF793FE2F0703D5032124
:108240002046FFF78DFEEE0603D504212046FFF7FA
:1082500087FEA80603D505212046FFF781FE6906A3
:1082600003D506212046FFF77BFE2A0603D507210A
:108270002046FFF775FEEB0574D520460821BDE8C2
:10828000F84FFFF76DBED4F890904FF0000B4FF011
:10829000010AD4F894305FFA8BF79B689F423FF64F
:1082A00038AF09EB4713D3F8002902F44022B2F5A6
:1082B000802F20D1D3F80029002A1CDAD3F8002916
:1082C00042F09042C3F80029D3F80029002AFBDBD2
:1082D0003946D4F89000FFF787FB22890AFA07F3A2
:1082E00022EA0303238104EB8703DB689B6813B155
:1082F0003946204698470BF1010BCAE7910701D197
:10830000D0F80080072A02F101029CBF03F8018B1C
:108310004FEA18283FE704EB830300F58050DA6842
:10832000D2F818C0DCF80820DCE9001CA1EB0C0C2A
:1083300000218F4208D1DB689B699A683A449A60B1
:108340005A683A445A6029E711F0030F01D1D0F876
:1083500000808C4501F1010184BF02F8018B4FEAD6
:108360001828E6E7BDE8F88F08B50348FFF774FE64
:10837000BDE80840FFF744BAB479002008B50348C7
:10838000FFF76AFEBDE80840FFF73ABA507A0020CE
:10839000D0F8903003EB4111D1F8003B43F40013C7
:1083A000C1F8003B70470000D0F8903003EB41115A
:1083B000D1F8003943F40013C1F8003970470000C8
:1083C000D0F8903003EB4111D1F8003B23F40013B7
:1083D000C1F8003B70470000D0F8903003EB41112A
:1083E000D1F8003923F40013C1F8003970470000B8
:1083F000064BD3F8DC200243C3F8DC20D3F8042179
:108400001043C3F80401D3F8043170470044025804
:1084100008B53C4B4FF0FF31D3F8802062F00042AA
:10842000C3F88020D3F8802002F00042C3F88020F7
:10843000D3F88020D3F88420C3F88410D3F88420A4
:108440000022C3F88420D3F88400D86F40F0FF40A6
:1084500040F4FF0040F4DF4040F07F00D867D86F61
:1084600020F0FF4020F4FF0020F4DF4020F07F00E8
:10847000D867D86FD3F888006FEA40506FEA505041
:10848000C3F88800D3F88800C0F30A00C3F8880056
:10849000D3F88800D3F89000C3F89010D3F8900078
:1084A000C3F89020D3F89000D3F89400C3F8941048
:1084B000D3F89400C3F89420D3F89400D3F898002C
:1084C000C3F89810D3F89800C3F89820D3F8980010
:1084D000D3F88C00C3F88C10D3F88C00C3F88C2030
:1084E000D3F88C00D3F89C00C3F89C10D3F89C10F0
:1084F000C3F89C20D3F89C30FCF7FAF9BDE808409B
:1085000000F0E0B90044025808B50122534BC3F80B
:108510000821534BD3F8F42042F00202C3F8F420B0
:10852000D3F81C2142F00202C3F81C210222D3F826
:108530001C314C4BDA605A689104FCD54A4A1A60E7
:1085400001229A60494ADA6000221A614FF44042DF
:108550009A61444B9A699204FCD51A6842F480727D
:108560001A603F4B1A6F12F4407F04D04FF48032F0
:108570001A6700221A671A6842F001021A60384B23
:108580001A685007FCD500221A611A6912F03802E5
:10859000FBD1012119604FF0804159605A67344A7C
:1085A000DA62344A1A611A6842F480321A602C4B3B
:1085B0001A689103FCD51A6842F480521A601A684E
:1085C0009204FCD52C4A2D499A6200225A63196301
:1085D00001F57C01DA6301F5E77199635A64284A71
:1085E0001A64284ADA621A6842F0A8521A601C4BD0
:1085F0001A6802F02852B2F1285FF9D148229A6134
:108600004FF48862DA6140221A621F4ADA641F4A14
:108610001A651F4A5A651F4A9A6532231E4A13601B
:10862000136803F00F03022BFAD10D4A136943F0CC
:1086300003031361136903F03803182BFAD14FF0C9
:108640000050FFF7D5FE4FF08040FFF7D1FE4FF00E
:108650000040BDE80840FFF7CBBE00BF00800051DE
:10866000004402580048025800C000F00200000117
:108670000000FF01008890083220600063020901B9
:10868000470E0508DD0BBF0120000020000001108F
:108690000910E00000010110002000524FF0B0422C
:1086A00008B5D2F8883003F00103C2F8883023B14E
:1086B000044A13680BB150689847BDE80840FFF7BB
:1086C0009FB800BF2C7B00204FF0B04208B5D2F815
:1086D000883003F00203C2F8883023B1044A93685B
:1086E0000BB1D0689847BDE80840FFF789B800BFD4
:1086F0002C7B00204FF0B04208B5D2F8883003F050
:108700000403C2F8883023B1044A13690BB15069DD
:108710009847BDE80840FFF773B800BF2C7B0020E6
:108720004FF0B04208B5D2F8883003F00803C2F821
:10873000883023B1044A93690BB1D0699847BDE8EA
:108740000840FFF75DB800BF2C7B00204FF0B0421F
:1087500008B5D2F8883003F01003C2F8883023B18E
:10876000044A136A0BB1506A9847BDE80840FFF706
:1087700047B800BF2C7B00204FF0B04310B5D3F8B2
:10878000884004F47872C3F88820A30604D5124AFE
:10879000936A0BB1D06A9847600604D50E4A136BF2
:1087A0000BB1506B9847210604D50B4A936B0BB164
:1087B000D06B9847E20504D5074A136C0BB1506C97
:1087C0009847A30504D5044A936C0BB1D06C984725
:1087D000BDE81040FFF714B82C7B00204FF0B043E9
:1087E00010B5D3F8884004F47C42C3F888206205B1
:1087F00004D5164A136D0BB1506D9847230504D567
:10880000124A936D0BB1D06D9847E00404D50F4A1E
:10881000136E0BB1506E9847A10404D50B4A936EAA
:108820000BB1D06E9847620404D5084A136F0BB1A0
:10883000506F9847230404D5044A936F0BB1D06F4F
:108840009847BDE81040FEF7DBBF00BF2C7B00203F
:1088500008B50348FCF714FCBDE80840FEF7D0BF9C
:10886000D846002008B50348FCF74EFDBDE8084097
:10887000FEF7C6BF3049002008B50348FCF744FDA9
:10888000BDE80840FEF7BCBF9C49002008B503487E
:10889000FCF73AFDBDE80840FEF7B2BF084A0020E9
:1088A00008B50348FCF730FDBDE80840FEF7A8BF57
:1088B000744A002008B500F0C1FCBDE80840FEF78E
:1088C0009FBF0000062108B50846FCF7A3FD06215E
:1088D0000720FCF79FFD06210820FCF79BFD0621E1
:1088E0000920FCF797FD06210A20FCF793FD0621DD
:1088F0001720FCF78FFD06212820FCF78BFD0921AE
:108900007A20FCF787FD09217C20FCF783FD0721F5
:108910003220FCF77FFD0C212520FCF77BFD0C218C
:108920002620FCF777FD0C213520FCF773FD0C2188
:108930005220BDE80840FCF76DBD000008B5FFF708
:1089400067FD00F043FCFDF745F9FDF7E3F8FDF79F
:108950001BFBFDF7EDF9FEF7AFF9BDE8084000F0AD
:1089600029BA000030B50433039C0172002104FBD6
:108970000325C160C0E90653049B0363059BC0E95E
:108980000000C0E90422C0E90842C0E90A114363BB
:1089900030BD00000022416AC260C0E90411C0E994
:1089A0000A226FF00101FDF7FDBE0000D0E904329C
:1089B000934201D1C2680AB9181D70470020704760
:1089C000036919600021C2680132C260C2691344A0
:1089D00082699342036124BF436A0361FDF7D6BEF7
:1089E00038B504460D46E3683BB162690020131DAB
:1089F0001268A3621344E36207E0237A33B929467D
:108A00002046FDF7B3FE0028EDDA38BD6FF0010017
:108A1000FBE70000C368C269013BC36043691344BC
:108A200082699342436124BF436A436100238362A6
:108A3000036B03B11847704770B53023044683F3C6
:108A40001188866A3EB9FFF7CBFF054618B186F359
:108A50001188284670BDA36AE26A13F8015B93424D
:108A6000A36202D32046FFF7D5FF002383F31188CA
:108A7000EFE700002DE9F84F04460E4617469846EA
:108A80004FF0300989F311880025AA46D4F828B0A0
:108A9000BBF1000F09D141462046FFF7A1FF20B1ED
:108AA0008BF311882846BDE8F88FD4E90A12A7EBAA
:108AB000050B521A934528BF9346BBF1400F1BD9B3
:108AC000334601F1400251F8040B914243F8040B84
:108AD000F9D1A36A403640354033A362D4E90A2372
:108AE0009A4202D32046FFF795FF8AF31188BD42D0
:108AF000D8D289F31188C9E730465A46F9F7DEF82B
:108B0000A36A5E445D445B44A362E7E710B5029C40
:108B10000433017203FB0421C460C0E9061300237F
:108B2000C0E90A33039B0363049BC0E90000C0E96A
:108B30000422C0E90842436310BD0000026A6FF0DE
:108B40000101C260426AC0E904220022C0E90A228F
:108B5000FDF728BED0E904239A4201D1C26822B9A8
:108B6000184650F8043B0B60704700231846FAE79C
:108B7000C3680021C2690133C36043691344826939
:108B80009342436124BF436A4361FDF7FFBD000088
:108B900038B504460D46E3683BB1236900201A1D31
:108BA000A262E2691344E36207E0237A33B92946FB
:108BB0002046FDF7DBFD0028EDDA38BD6FF001003F
:108BC000FBE7000003691960C268013AC260C2692C
:108BD000134482699342036124BF436A0361002303
:108BE0008362036B03B118477047000070B53023F0
:108BF0000D460446114683F31188866A2EB9FFF7A5
:108C0000C7FF10B186F3118870BDA36A1D70A36AF7
:108C1000E26A01339342A36204D3E1692046043936
:108C2000FFF7D0FF002080F31188EDE72DE9F84F22
:108C300004460D46904699464FF0300A8AF3118853
:108C40000026B346A76A4FB949462046FFF7A0FF62
:108C500020B187F311883046BDE8F88FD4E90A07C0
:108C60003A1AA8EB0607974228BF1746402F1BD990
:108C700005F1400355F8042B9D4240F8042BF9D12F
:108C8000A36A40364033A362D4E90A239A4204D34C
:108C9000E16920460439FFF795FF8BF311884645BB
:108CA000D9D28AF31188CDE729463A46F9F706F872
:108CB000A36A3D443E443B44A362E5E7D0E9042374
:108CC0009A4217D1C3689BB1836A8BB1043B9B1A4C
:108CD0000ED01360C368013BC360C3691A44836943
:108CE0009A42026124BF436A036100238362012325
:108CF000184670470023FBE701F01F03F0B502F0B0
:108D00001F0456095A1C0123B6EB511F50F8265078
:108D100003FA02F34FEA511703F1FF333DBF50F856
:108D20002720C4F12000134003EA05003BBF03FAEB
:108D300000F225FA04F0E0401043F0BD70B57E2249
:108D40007F210546FFF7D8FF18B1012819D0002070
:108D500070BD3E2249212846FFF7CEFF2F22044650
:108D600031212846FFF7C8FF06460134502202365B
:108D700053212846B440FFF7BFFF093804FA00F03A
:108D8000E6E7302245212846FFF7B6FF0130800292
:108D9000DEE7000090F8D63090F8D7201B0403EBF4
:108DA000026390F8D42090F8D500134403EB002020
:108DB0007047000000F018BA014B586A704700BFB6
:108DC000000C0040034B002258631A610222DA6053
:108DD000704700BF000C0040014B0022DA60704772
:108DE000000C0040014B5863704700BF000C00406E
:108DF000024B034A1A60034A5A607047047B002002
:108E0000B07B002000000220074B494210B55C688F
:108E1000201A08401968821A8A4203D3A24201D854
:108E20005A6010BD0020FCE7047B002008B5302309
:108E300083F31188FFF7E8FF002383F3118808BD4F
:108E40000448054B03600023C0E901330C3000F0F7
:108E500017B900BF0C7B00202D8E0008CB1D083AEF
:108E600023F00703591A521A10B4D2080024C0E99B
:108E7000004384600C301C605A605DF8044B00F0C5
:108E8000FFB800002DE9F74F364FCD1D884600286A
:108E900018BF0746082A4FEAD50538BF082207F150
:108EA0000C003C1D9146019000F02CF9019809F14D
:108EB0000701C9F1000E2246246864B900F02CF9BC
:108EC0003B68CBB308224946E8009847044698B36C
:108ED00040E9027830E004EB010CD4F804A00CEA7D
:108EE0000E0C0AF10106ACF1080304EBC6069E4223
:108EF000E1D9A6EB0C0CB5EBEC0F4FEAEC0BDAD892
:108F00009C421DD204F10802AB45A3EB02024FEADA
:108F1000E202626009D9691CED4303EBC1025D44C2
:108F20005560256843F8315022601C46C3F8048020
:108F300044F8087B00F0F0F8204603B0BDE8F08F5D
:108F4000AA45216802D111602346EEE7013504EB02
:108F5000C50344F8351003F10801761AF6105E6077
:108F60001360F1E70C7B002073B50446A0F10805FF
:108F700050F8080C54F8043C061D0C3007330190DF
:108F8000DB0844F8043C00F0BDF8334601989E42EB
:108F90001A6801D0AB4228D20AB1954225D244F8D2
:108FA000082C54F8042C1D60013254F8081C05EB01
:108FB000C206B14206D14E68324444F8042C0A6815
:108FC00044F8082C5E68711C03EBC1018D4207D187
:108FD00054F8042C013232445A6054F8082C1A60B8
:108FE00002B0BDE8704000F097B81346CFE700002C
:108FF000FEE7000070B51E4B0025044686B05860A1
:109000000E4605638163FEF7D3FB04F12803A560D8
:109010006563C4E90A3304F11003C4E904334FF073
:10902000FF33C4E90044C4E90635FFF7C5FE2B460B
:10903000024604F13C012046C4E9082380230D4A7E
:109040006567FDF70DFB7368E0600B4A036201235F
:10905000009280F824306846F26801923269CDE9C6
:109060000223064BCDE90435FDF72EFB06B070BD9B
:10907000885D0020189D0008109D0008F18F0008F1
:109080000023C0E9000083600361704770B51C4B8A
:1090900005468468DE685CB3B44213D103690133CA
:1090A000036170BDA36094F8243083B1062B15D101
:1090B000A06A2146D4E9003213605A60FDF73CFAF9
:1090C000A36A9C68B368A2689A42EBD306E0D4E92D
:1090D0000032204613605A60FDF73EFA28463146BA
:1090E000FDF72AFAB5620620BDE87040FDF736BAF2
:1090F0000369866001330361336BC3603063D0E77B
:10910000E05A002008B5302383F31188FFF7BEFF33
:10911000002383F3118808BD194BD96883688B42FB
:1091200010B520D1302383F311880269013A02611E
:10913000B2B90468C368A0420B631ED04A6B9BB9E6
:1091400001238A60036103681A68026050601A6B29
:109150008360C26018631846FDF7FEF9FDF74EFA0A
:10916000002383F3118810BD1C68A34203D0A468B8
:10917000A24238BF2246DB68E1E78260F0E700BF29
:10918000E05A0020024A536B18435063704700BFF7
:10919000E05A002038B5EFF311859DB9EFF305844F
:1091A000C4F30804302334B183F31188FDF732FC93
:1091B00085F3118838BD83F31188FDF72BFC84F308
:1091C000118838BDBDE83840FDF724BC0023054AAE
:1091D00019460133102BC2E9001102F10802F8D13F
:1091E000704700BF2C7B0020114BD3F8E82042F0E1
:1091F0000802C3F8E820D3F8102142F00802C3F8AF
:1092000010210C4AD3F81031D36B43F00803D36319
:10921000C722094B9A624FF0FF32DA6200229A614C
:109220005A63DA605A6001225A611A60704700BFBF
:10923000004402580010005C000C0040094A08B5C8
:109240001169D3680B40D9B29B076FEA0101116124
:1092500007D5302383F31188FDF7F6F9002383F354
:10926000118808BD000C004010B50139024490423D
:1092700001D1002005E0037811F8014FA34201D08D
:10928000181B10BD0130F2E7884210B501EB020453
:1092900002D98442234607D8431EA14208D011F8C0
:1092A000012B03F8012FF8E7024401468A4200D15E
:1092B00010BD13F8014D02F8014DF7E7C9B203469E
:1092C00010F8012B1AB18A42F9D1184670470029CB
:1092D00018BF0023F9E70000034611F8012B03F83B
:1092E000012B002AF9D1704710B50139034632B17C
:1092F00011F8014F03F8014B013A002CF7D11A4441
:109300000021934200D110BD03F8011BF9E70000D2
:109310004D4435002D2D0A002F6172647570696C03
:109320006F742E6162696E002F6172647570696C72
:109330006F742D7665726966792E6162696E002F91
:109340006172647570696C6F742D666C6173682EE0
:109350006162696E002F6172647570696C6F742D43
:10936000666C61736865642E6162696E000000005E
:109370000000000000000000050F0008A10F000819
:1093800051110008D90F0008990F000800000000D3
:1093900000000000010F0008AD0F0008891100084F
:1093A000FD0E0008090F000853544D333248373F73
:1093B0003F3F0053544D3332483733782F3732789C
:1093C0000053544D3332483734332F3735332F372A
:1093D0003530000001105A000310590001205800D8
:1093E000032056002F000000537563636573736696
:1093F000756C6C79206D6F756E7465642053444391
:109400006172642028736C6F77646F776E3D257589
:10941000290A0000EB769045584641542020200050
:109420004641543332202020000000002A3A3C3EBE
:109430007C223F7F002B2C3B3D5B5D00435545412B
:109440004141414345454549494941414592924F32
:109450004F4F5555594F554F9C4F9E9F41494F5522
:10946000A5A5A6A7A8A9AAABACADAEAFB0B1B2B343
:10947000B4414141B8B9BABBBCBDBEBFC0C1C2C393
:10948000C4C54141C8C9CACBCCCDCECFD1D1454549
:109490004549494949D9DADBDCDD49DF4FE14F4F26
:1094A0004F4FE6E8E85555555959EEEFF0F1F2F314
:1094B000F4F5F6F7F8F9FAFBFCFDFEFF01030507EA
:1094C000090E10121416181C1E00000061001A0369
:1094D000E0001703F8000703FF0001007801000116
:1094E000300132010601390110014A012E017901D2
:1094F000060180014D004302810182018201840145
:10950000840186018701870189018A018B018B0112
:109510008D018E018F0190019101910193019401C0
:10952000F60196019701980198013D029B019C016B
:109530009D0120029F01A001A001A201A201A4019E
:10954000A401A601A701A701A901AA01AB01AC01D1
:10955000AC01AE01AF01AF01B101B201B301B30182
:10956000B501B501B701B801B801BA01BB01BC0131
:10957000BC01BE01F701C001C101C201C301C401A8
:10958000C501C401C701C801C701CA01CB01CA0195
:10959000CD011001DD0101008E01DE011201F30198
:1095A0000300F101F401F401F80128012202120183
:1095B0003A020900652C3B023B023D02662C3F0249
:1095C00040024102410246020A0153024000810169
:1095D0008601550289018A0158028F015A029001C1
:1095E0005C025D025E025F0293016102620294010D
:1095F0006402650266026702970196016A02622CA4
:109600006C026D026E029C01700271029D01730278
:1096100074029F0176027702780279027A027B0255
:109620007C02642C7E027F02A60181028202A901D3
:109630008402850286028702AE014402B101B201B2
:1096400045028D028E028F0290029102B7017B03C8
:109650000300FD03FE03FF03AC030400860388033D
:1096600089038A03B1031103C2030200A303A30306
:10967000C4030803CC0303008C038E038F03D803B9
:109680001801F2030A00F903F303F403F503F603E8
:10969000F703F703F903FA03FA0330042003500435
:1096A0001007600422018A043601C1040E01CF04B0
:1096B0000100C004D004440161052604000000003C
:1096C0007D1D0100632C001E9601A01E5A01001F83
:1096D0000806101F0606201F0806301F0806401F38
:1096E0000606511F0700591F521F5B1F541F5D1FA5
:1096F000561F5F1F601F0806701F0E00BA1FBB1F9A
:10970000C81FC91FCA1FCB1FDA1FDB1FF81FF91F95
:10971000EA1FEB1FFA1FFB1F801F0806901F080699
:10972000A01F0806B01F0400B81FB91FB21FBC1F3E
:10973000CC1F0100C31FD01F0206E01F0206E51F59
:109740000100EC1FF31F0100FC1F4E21010032211C
:1097500070211002842101008321D0241A05302CAD
:109760002F04602C0201672C0601752C0201802C4D
:109770006401002D260841FF1A030000C700FC0009
:10978000E900E200E400E000E500E700EA00EB00A9
:10979000E800EF00EE00EC00C400C500C900E600E0
:1097A000C600F400F600F200FB00F900FF00D6004E
:1097B000DC00F800A300D800D7009201E100ED0022
:1097C000F300FA00F100D100AA00BA00BF00AE0019
:1097D000AC00BD00BC00A100AB00BB0091259225F0
:1097E000932502252425C100C200C000A9006325DD
:1097F000512557255D25A200A500102514253425E7
:109800002C251C2500253C25E300C3005A255425A2
:1098100069256625602550256C25A400F000D00040
:10982000CA00CB00C8003101CD00CE00CF00182502
:109830000C2588258425A600CC008025D300DF00D8
:10984000D400D200F500D500B500FE00DE00DA003D
:10985000DB00D900FD00DD00AF00B400AD00B100B9
:109860001720BE00B600A700F700B800B000A8009F
:10987000B700B900B300B200A025A000100002405C
:10988000080002400008024000000B0028000240CF
:10989000080002400408024006010C00400002409B
:1098A000080002400808024010020D005800024063
:1098B000080002400C08024016030E00700002402F
:1098C0000C0002401008024000040F008800024013
:1098D0000C0002401408024006051000A0000240DF
:1098E0000C0002401808024010061100B8000240A7
:1098F0000C0002401C08024016072F001004024012
:1099000008040240200802400008380028040240F1
:1099100008040240240802400609390040040240BD
:109920000804024028080240100A3A005804024085
:10993000080402402C080240160B3B007004024051
:109940000C04024030080240000C3C008804024035
:109950000C04024034080240060D4400A0040240FA
:109960000C04024038080240100E4500B8040240C2
:109970000C0402403C080240160F460001000000A3
:109980000000000000960000000000000000000041
:1099900000000000000000000000000000000000C7
:1099A000B16C0008B56C0008A9570008E15A00081E
:1099B0003D570008655700088D57000825570008D7
:1099C00000000000955B0008815B0008BD5B00089B
:1099D000A95B0008B55B0008A15B00088D5B00086F
:1099E000795B0008C95B000800000000AD5C00085E
:1099F000995C0008D55C0008C15C0008CD5C0008DB
:109A0000B95C0008A55C0008915C0008E15C0008F6
:109A100000000000010000000000000063300000B2
:109A20001C9A00080000000000000000585B0020A5
:109A3000885D00208201A82A00000000AAAAAAAA24
:109A400041001424EFFF00000970000070A70A0015
:109A5000801200AA00000000AAAAAAAA401100557C
:109A6000FFFF0000009009000000EE9900000000D8
:109A700000000000AAAAAAAA00000000FFFF000040
:109A8000000000000000000080290000000000002D
:109A9000AAAAAAAA40060000FFFF00000070700BEF
:109AA000000000004005000000000000AAAAAAAAC9
:109AB00040050000FFFF0000000000000000000063
:109AC00000A0090000000000AAAAAAAA00500600EF
:109AD000FFFF0000000000777000000000000000A1
:109AE00000000000AAAAAAAA00000000FFFF0000D0
:109AF0000000000000000000000000001000000056
:109B0000AAAAAAAA00000000FFFF000000000000AF
:109B1000000000000000004000000000AAAAAAAA5D
:109B200000000000FF7F00000000000000000000B7
:109B30000000000000000000AAAAAAAA000000007D
:109B4000FFFF000000000000000000000000000017
:109B500000000000AAAAAAAA00000000FFFF00005F
:109B600000000000000000004169584152002542F9
:109B70004F415244252D424C002553455249414CFA
:109B8000250000000200000000000000CD5E00087B
:109B90003D5F0008400040003876002048760020F5
:109BA00002000000000000000300000000000000B0
:109BB000855F0008000000001000000058760020BB
:109BC000000000000100000000000000B479002047
:109BD00001010200AD6D0008BD6C0008596D000860
:109BE0003D6D000843000000EC9B000809024300A3
:109BF000020100C032090400000102020100052434
:109C000000100105240100010424020205240600BD
:109C100001070582030800FF09040100020A000091
:109C20000007050102400000070581024000000016
:109C300012000000389C00081201100102000040D0
:109C40000912415700020102030100000403090444
:109C500025424F41524425004143524F4341520057
:109C60003031323334353637383941424344454652
:109C700000000000000000200000020002000000C0
:109C80000000003000000400080000000000002474
:109C900000000800040000000004000000FC0000B8
:109CA00002000000000004300080000008000000F6
:109CB0000000003800000100010000001F1C1F1EF2
:109CC0001F1E1F1F1E1F1E1F1F1D1F1E1F1E1F1FAB
:109CD0001E1F1E1F00000000E160000899630008BD
:109CE0004564000840004000EC7A0020EC7A002037
:109CF00001000000FC7A002080000000400100000C
:109D00000800000000010000001000000800000032
:109D100069646C65000000006D61696E002C043898
:109D2000040438080C10141C202425260000000010
:109D3000000064040100040000000000000C00109A
:109D4000283034002467FF7F01000000000000007D
:109D5000380000000000000000001E0000000000AD
:109D6000FF000000905D0020304900209C49002049
:109D7000744A002000000000A8930008830400003B
:109D8000B393000850040000C1930008F83300208A
:109D900000000000001000000001000001000000B1
:109DA000000000000096000000000800960000007F
:109DB00000080000040000004C9C000800000000A7
:109DC0000000000000000000000000000000000093
:049DD000000000008F
:00000001FF
